prompt PL/SQL Developer import file
prompt Created on 2018年11月9日 by triggers
set feedback off
set define off
prompt Disabling triggers for ACTIVITY_PRODUCT_ENJOY...
alter table ACTIVITY_PRODUCT_ENJOY disable all triggers;
prompt Disabling triggers for CUSTOMER_INFO...
alter table CUSTOMER_INFO disable all triggers;
prompt Disabling triggers for CUSTOMER_ACTIVITY...
alter table CUSTOMER_ACTIVITY disable all triggers;
prompt Disabling triggers for CUSTOMER_PRODUCT...
alter table CUSTOMER_PRODUCT disable all triggers;
prompt Disabling triggers for MERCHANT_BASE...
alter table MERCHANT_BASE disable all triggers;
prompt Disabling triggers for MERCHANT_ENJOY...
alter table MERCHANT_ENJOY disable all triggers;
prompt Disabling triggers for TRAN_LIST...
alter table TRAN_LIST disable all triggers;
prompt Disabling triggers for T_B_ORG...
alter table T_B_ORG disable all triggers;
prompt Disabling triggers for T_P_SHIRO_ACTION...
alter table T_P_SHIRO_ACTION disable all triggers;
prompt Disabling triggers for T_P_SHIRO_FILTER_TYPE...
alter table T_P_SHIRO_FILTER_TYPE disable all triggers;
prompt Disabling triggers for T_P_SHIRO_PERMIT...
alter table T_P_SHIRO_PERMIT disable all triggers;
prompt Disabling triggers for T_P_SHIRO_RES_TYPE...
alter table T_P_SHIRO_RES_TYPE disable all triggers;
prompt Disabling triggers for T_P_SHIRO_RES...
alter table T_P_SHIRO_RES disable all triggers;
prompt Disabling triggers for T_P_SHIRO_RESTYPE_ACTION...
alter table T_P_SHIRO_RESTYPE_ACTION disable all triggers;
prompt Disabling triggers for T_P_SHIRO_ROLE...
alter table T_P_SHIRO_ROLE disable all triggers;
prompt Disabling triggers for T_P_SHIRO_ROLE_PERMIT...
alter table T_P_SHIRO_ROLE_PERMIT disable all triggers;
prompt Disabling triggers for T_P_SHIRO_ROLE_RES...
alter table T_P_SHIRO_ROLE_RES disable all triggers;
prompt Disabling triggers for T_P_SHIRO_USER_GRP...
alter table T_P_SHIRO_USER_GRP disable all triggers;
prompt Disabling triggers for T_P_SHIRO_USER...
alter table T_P_SHIRO_USER disable all triggers;
prompt Disabling triggers for T_P_SHIRO_USER_EXT...
alter table T_P_SHIRO_USER_EXT disable all triggers;
prompt Disabling triggers for T_P_SHIRO_USER_GRP_EXT...
alter table T_P_SHIRO_USER_GRP_EXT disable all triggers;
prompt Disabling triggers for T_P_SHIRO_USER_GRP_ROLE_IDX...
alter table T_P_SHIRO_USER_GRP_ROLE_IDX disable all triggers;
prompt Disabling triggers for T_P_S_DICT_ITEM...
alter table T_P_S_DICT_ITEM disable all triggers;
prompt Disabling triggers for T_P_S_DICT_LIST...
alter table T_P_S_DICT_LIST disable all triggers;
prompt Disabling triggers for T_WEB_P_OPERATION_LOGINFO...
alter table T_WEB_P_OPERATION_LOGINFO disable all triggers;
prompt Disabling triggers for T_WEB_P_OPERATION_LOGINFO_EXT...
alter table T_WEB_P_OPERATION_LOGINFO_EXT disable all triggers;
prompt Disabling foreign key constraints for CUSTOMER_ACTIVITY...
alter table CUSTOMER_ACTIVITY disable constraint FK_ACTIVITY_CUSTOMER;
alter table CUSTOMER_ACTIVITY disable constraint FK_CUSTOMER_ACTIVITY;
prompt Disabling foreign key constraints for T_P_SHIRO_RES...
alter table T_P_SHIRO_RES disable constraint FK_T_P_SHIRO_RES_REF_T_RES;
prompt Disabling foreign key constraints for T_P_SHIRO_RESTYPE_ACTION...
alter table T_P_SHIRO_RESTYPE_ACTION disable constraint FK_P_SHIRO_T_REST_REF_ACT;
alter table T_P_SHIRO_RESTYPE_ACTION disable constraint FK_P_SHIRO_T_REST_REF_T_RES;
prompt Disabling foreign key constraints for T_P_SHIRO_ROLE_PERMIT...
alter table T_P_SHIRO_ROLE_PERMIT disable constraint FK_P_SHIRO_ROLE_REF_ROLE;
alter table T_P_SHIRO_ROLE_PERMIT disable constraint FK_P_SHIRO_ROLE_REF_T_PERM;
prompt Disabling foreign key constraints for T_P_SHIRO_ROLE_RES...
alter table T_P_SHIRO_ROLE_RES disable constraint FK_P_SHIRO_ROLE_REF_ROLE_RES;
alter table T_P_SHIRO_ROLE_RES disable constraint FK_P_SHIRO_ROLE_REF_T_RES;
prompt Disabling foreign key constraints for T_P_SHIRO_USER_EXT...
alter table T_P_SHIRO_USER_EXT disable constraint FK_P_SHIRO_U_REF_USER;
prompt Deleting T_WEB_P_OPERATION_LOGINFO_EXT...
delete from T_WEB_P_OPERATION_LOGINFO_EXT;
commit;
prompt Deleting T_WEB_P_OPERATION_LOGINFO...
delete from T_WEB_P_OPERATION_LOGINFO;
commit;
prompt Deleting T_P_S_DICT_LIST...
delete from T_P_S_DICT_LIST;
commit;
prompt Deleting T_P_S_DICT_ITEM...
delete from T_P_S_DICT_ITEM;
commit;
prompt Deleting T_P_SHIRO_USER_GRP_ROLE_IDX...
delete from T_P_SHIRO_USER_GRP_ROLE_IDX;
commit;
prompt Deleting T_P_SHIRO_USER_GRP_EXT...
delete from T_P_SHIRO_USER_GRP_EXT;
commit;
prompt Deleting T_P_SHIRO_USER_EXT...
delete from T_P_SHIRO_USER_EXT;
commit;
prompt Deleting T_P_SHIRO_USER...
delete from T_P_SHIRO_USER;
commit;
prompt Deleting T_P_SHIRO_USER_GRP...
delete from T_P_SHIRO_USER_GRP;
commit;
prompt Deleting T_P_SHIRO_ROLE_RES...
delete from T_P_SHIRO_ROLE_RES;
commit;
prompt Deleting T_P_SHIRO_ROLE_PERMIT...
delete from T_P_SHIRO_ROLE_PERMIT;
commit;
prompt Deleting T_P_SHIRO_ROLE...
delete from T_P_SHIRO_ROLE;
commit;
prompt Deleting T_P_SHIRO_RESTYPE_ACTION...
delete from T_P_SHIRO_RESTYPE_ACTION;
commit;
prompt Deleting T_P_SHIRO_RES...
delete from T_P_SHIRO_RES;
commit;
prompt Deleting T_P_SHIRO_RES_TYPE...
delete from T_P_SHIRO_RES_TYPE;
commit;
prompt Deleting T_P_SHIRO_PERMIT...
delete from T_P_SHIRO_PERMIT;
commit;
prompt Deleting T_P_SHIRO_FILTER_TYPE...
delete from T_P_SHIRO_FILTER_TYPE;
commit;
prompt Deleting T_P_SHIRO_ACTION...
delete from T_P_SHIRO_ACTION;
commit;
prompt Deleting T_B_ORG...
delete from T_B_ORG;
commit;
prompt Deleting TRAN_LIST...
delete from TRAN_LIST;
commit;
prompt Deleting MERCHANT_ENJOY...
delete from MERCHANT_ENJOY;
commit;
prompt Deleting MERCHANT_BASE...
delete from MERCHANT_BASE;
commit;
prompt Deleting CUSTOMER_PRODUCT...
delete from CUSTOMER_PRODUCT;
commit;
prompt Deleting CUSTOMER_ACTIVITY...
delete from CUSTOMER_ACTIVITY;
commit;
prompt Deleting CUSTOMER_INFO...
delete from CUSTOMER_INFO;
commit;
prompt Deleting ACTIVITY_PRODUCT_ENJOY...
delete from ACTIVITY_PRODUCT_ENJOY;
commit;
prompt Loading ACTIVITY_PRODUCT_ENJOY...
insert into ACTIVITY_PRODUCT_ENJOY (ID, ACTIVITY_ID, PRODUCT_ID, LIMIT_COUNT, GIFT_PROMPT, GIFT_COUNT)
values ('10000000662', '10000000542', '788C3EF6EFBF0BDDE055000000000001', '10', '参见礼品产品说明', '21');
insert into ACTIVITY_PRODUCT_ENJOY (ID, ACTIVITY_ID, PRODUCT_ID, LIMIT_COUNT, GIFT_PROMPT, GIFT_COUNT)
values ('10000000642', '10000000522', '788C3EF6EFBE0BDDE055000000000001', '1', '参见礼品产品说明', '10');
insert into ACTIVITY_PRODUCT_ENJOY (ID, ACTIVITY_ID, PRODUCT_ID, LIMIT_COUNT, GIFT_PROMPT, GIFT_COUNT)
values ('10000000643', '10000000522', '788C3EF6EFBF0BDDE055000000000001', '5', '参见礼品产品说明', '18');
insert into ACTIVITY_PRODUCT_ENJOY (ID, ACTIVITY_ID, PRODUCT_ID, LIMIT_COUNT, GIFT_PROMPT, GIFT_COUNT)
values ('10000000644', '10000000522', '788C3EF6EFC00BDDE055000000000001', '3', '参见礼品产品说明', '20');
insert into ACTIVITY_PRODUCT_ENJOY (ID, ACTIVITY_ID, PRODUCT_ID, LIMIT_COUNT, GIFT_PROMPT, GIFT_COUNT)
values ('10000000645', '10000000523', '7890BCA8614D364BE055000000000001', '1', '参见礼品产品说明', '10');
commit;
prompt 5 records loaded
prompt Loading CUSTOMER_INFO...
insert into CUSTOMER_INFO (CERTIFICATE_NO, CERTIFICATE_TYPE, CUSTOMER_NO, NAME)
values ('1324679', '1', null, 'asd');
insert into CUSTOMER_INFO (CERTIFICATE_NO, CERTIFICATE_TYPE, CUSTOMER_NO, NAME)
values ('123465', '0', null, '123');
insert into CUSTOMER_INFO (CERTIFICATE_NO, CERTIFICATE_TYPE, CUSTOMER_NO, NAME)
values ('123466', '0', null, 'tandong');
insert into CUSTOMER_INFO (CERTIFICATE_NO, CERTIFICATE_TYPE, CUSTOMER_NO, NAME)
values ('789789', '6', null, '789');
insert into CUSTOMER_INFO (CERTIFICATE_NO, CERTIFICATE_TYPE, CUSTOMER_NO, NAME)
values ('456456', '2', null, '456');
insert into CUSTOMER_INFO (CERTIFICATE_NO, CERTIFICATE_TYPE, CUSTOMER_NO, NAME)
values ('123123', '0', null, '123');
commit;
prompt 6 records loaded
prompt Loading CUSTOMER_ACTIVITY...
insert into CUSTOMER_ACTIVITY (CERTIFICATE_NO, CERTIFICATE_TYPE, ACTIVITY_ID, IS_JOIN)
values ('789789', '6', '10000000542', '1');
insert into CUSTOMER_ACTIVITY (CERTIFICATE_NO, CERTIFICATE_TYPE, ACTIVITY_ID, IS_JOIN)
values ('456456', '2', '10000000542', '1');
insert into CUSTOMER_ACTIVITY (CERTIFICATE_NO, CERTIFICATE_TYPE, ACTIVITY_ID, IS_JOIN)
values ('123123', '0', '10000000542', null);
insert into CUSTOMER_ACTIVITY (CERTIFICATE_NO, CERTIFICATE_TYPE, ACTIVITY_ID, IS_JOIN)
values ('789789', '6', '10000000522', '1');
insert into CUSTOMER_ACTIVITY (CERTIFICATE_NO, CERTIFICATE_TYPE, ACTIVITY_ID, IS_JOIN)
values ('456456', '2', '10000000522', '1');
insert into CUSTOMER_ACTIVITY (CERTIFICATE_NO, CERTIFICATE_TYPE, ACTIVITY_ID, IS_JOIN)
values ('123123', '0', '10000000522', '1');
insert into CUSTOMER_ACTIVITY (CERTIFICATE_NO, CERTIFICATE_TYPE, ACTIVITY_ID, IS_JOIN)
values ('789789', '6', '10000000523', '1');
insert into CUSTOMER_ACTIVITY (CERTIFICATE_NO, CERTIFICATE_TYPE, ACTIVITY_ID, IS_JOIN)
values ('456456', '2', '10000000523', '1');
insert into CUSTOMER_ACTIVITY (CERTIFICATE_NO, CERTIFICATE_TYPE, ACTIVITY_ID, IS_JOIN)
values ('123123', '0', '10000000523', '1');
commit;
prompt 9 records loaded
prompt Loading CUSTOMER_PRODUCT...
prompt Table is empty
prompt Loading MERCHANT_BASE...
insert into MERCHANT_BASE (MER_NO, MER_NAME, ACCOUNT_NO, ACCOUNT_NAME, OPENING_BANK, OPENING_BANK_NO, CONTAC_PERSON, CONTACT_ADDR, SERVICE_PHONE, ORG_ID, REVIEW_FLAG, END_SERVICE_DATE, SERVICE_STARE, MER_DETAIL, CLOSE_REASON)
values ('121211232233232', '1222', '121211232233232', '121211232233232', '121211232233232', '121211232233232', '121211232233232', '121211232233232', '121211232233232', '000001', '1', '20181129', '0', '121212', null);
insert into MERCHANT_BASE (MER_NO, MER_NAME, ACCOUNT_NO, ACCOUNT_NAME, OPENING_BANK, OPENING_BANK_NO, CONTAC_PERSON, CONTACT_ADDR, SERVICE_PHONE, ORG_ID, REVIEW_FLAG, END_SERVICE_DATE, SERVICE_STARE, MER_DETAIL, CLOSE_REASON)
values ('111111111111112', 'test', '12121212', 'test账号', '苏州分行', '0001', 'yefeng', '苏州市工业园区', '18362643566', '000001', '1', '20181130', '0', '洗车卡', null);
insert into MERCHANT_BASE (MER_NO, MER_NAME, ACCOUNT_NO, ACCOUNT_NAME, OPENING_BANK, OPENING_BANK_NO, CONTAC_PERSON, CONTACT_ADDR, SERVICE_PHONE, ORG_ID, REVIEW_FLAG, END_SERVICE_DATE, SERVICE_STARE, MER_DETAIL, CLOSE_REASON)
values ('566766767776767', '测试', '565656', '122344324334334343434', '34334', '4565665', '3434', '343443434', '34545454', '000001', '1', '20181123', '1', '3454554545', null);
insert into MERCHANT_BASE (MER_NO, MER_NAME, ACCOUNT_NO, ACCOUNT_NAME, OPENING_BANK, OPENING_BANK_NO, CONTAC_PERSON, CONTACT_ADDR, SERVICE_PHONE, ORG_ID, REVIEW_FLAG, END_SERVICE_DATE, SERVICE_STARE, MER_DETAIL, CLOSE_REASON)
values ('104045022055066', '的减肥咳嗽', '12345654646', '1234565456898798797', '中国银行', '4565948790', '额哦', '是福州', '1880', '000001', '1', '20181231', '0', null, null);
insert into MERCHANT_BASE (MER_NO, MER_NAME, ACCOUNT_NO, ACCOUNT_NAME, OPENING_BANK, OPENING_BANK_NO, CONTAC_PERSON, CONTACT_ADDR, SERVICE_PHONE, ORG_ID, REVIEW_FLAG, END_SERVICE_DATE, SERVICE_STARE, MER_DETAIL, CLOSE_REASON)
values ('111111111111111', '测试商户', '111111', '1111111', '11111', '000001', '11111', '11111', '11111', '000001', '0', '20181212', '0', null, null);
insert into MERCHANT_BASE (MER_NO, MER_NAME, ACCOUNT_NO, ACCOUNT_NAME, OPENING_BANK, OPENING_BANK_NO, CONTAC_PERSON, CONTACT_ADDR, SERVICE_PHONE, ORG_ID, REVIEW_FLAG, END_SERVICE_DATE, SERVICE_STARE, MER_DETAIL, CLOSE_REASON)
values ('012345678912345', '常规商户', '123456789', '测试使用', '中行', '123456789', '建档人员', '苏州', '123456789', '000001', '0', '20181101', '0', null, null);
insert into MERCHANT_BASE (MER_NO, MER_NAME, ACCOUNT_NO, ACCOUNT_NAME, OPENING_BANK, OPENING_BANK_NO, CONTAC_PERSON, CONTACT_ADDR, SERVICE_PHONE, ORG_ID, REVIEW_FLAG, END_SERVICE_DATE, SERVICE_STARE, MER_DETAIL, CLOSE_REASON)
values ('123535535325233', '彭国伦', '2336532565233256', '彭国伦1025测', '北京分行', '2336532565233256', '彭国伦', '于色法就我喝过温哥华', '15665702636', '000001', '0', '20181026', '0', null, null);
insert into MERCHANT_BASE (MER_NO, MER_NAME, ACCOUNT_NO, ACCOUNT_NAME, OPENING_BANK, OPENING_BANK_NO, CONTAC_PERSON, CONTACT_ADDR, SERVICE_PHONE, ORG_ID, REVIEW_FLAG, END_SERVICE_DATE, SERVICE_STARE, MER_DETAIL, CLOSE_REASON)
values ('104300000000000', '中银保险', '55555555555555555555', '中银保险', '中国银行', '11111111111111111111', '王某某', '苏州', '15999999999', '000001', '0', '20190630', '0', '备注', '好');
insert into MERCHANT_BASE (MER_NO, MER_NAME, ACCOUNT_NO, ACCOUNT_NAME, OPENING_BANK, OPENING_BANK_NO, CONTAC_PERSON, CONTACT_ADDR, SERVICE_PHONE, ORG_ID, REVIEW_FLAG, END_SERVICE_DATE, SERVICE_STARE, MER_DETAIL, CLOSE_REASON)
values ('444444444444444', '电影院', '788788888888', '电影院', '中', '55555555555555555555', '王王', '苏州', '155555555555555', '000001', '0', '20190630', '0', '电影', null);
insert into MERCHANT_BASE (MER_NO, MER_NAME, ACCOUNT_NO, ACCOUNT_NAME, OPENING_BANK, OPENING_BANK_NO, CONTAC_PERSON, CONTACT_ADDR, SERVICE_PHONE, ORG_ID, REVIEW_FLAG, END_SERVICE_DATE, SERVICE_STARE, MER_DETAIL, CLOSE_REASON)
values ('122112211221212', '彭测试', '21212121', '2121122', '122121', '1221', '212121', '21211221', '21211221', '000001', '0', '20181206', '0', '12122121', null);
commit;
prompt 10 records loaded
prompt Loading MERCHANT_ENJOY...
insert into MERCHANT_ENJOY (MER_NO, MER_NAME, ACCOUNT_NO, ACCOUNT_NAME, OPENING_BANK, OPENING_BANK_NO, CONTAC_PERSON, CONTACT_ADDR, SERVICE_PHONE, ORG_ID, REVIEW_FLAG, END_SERVICE_DATE, SERVICE_STARE, MER_DETAIL, CLOSE_REASON)
values ('222222222222222', '测试尊享商户', '12222222', '2222222', '2222', '2222', '33123', 'xxx', '3123124', '000001', '0', '20181231', '1', null, null);
insert into MERCHANT_ENJOY (MER_NO, MER_NAME, ACCOUNT_NO, ACCOUNT_NAME, OPENING_BANK, OPENING_BANK_NO, CONTAC_PERSON, CONTACT_ADDR, SERVICE_PHONE, ORG_ID, REVIEW_FLAG, END_SERVICE_DATE, SERVICE_STARE, MER_DETAIL, CLOSE_REASON)
values ('111111111111112', '优惠商户', '12313212311211', '452423', '中行', '546456', '发水电费', '苏州', '15231454165', '000001', '0', '20181101', '0', null, null);
insert into MERCHANT_ENJOY (MER_NO, MER_NAME, ACCOUNT_NO, ACCOUNT_NAME, OPENING_BANK, OPENING_BANK_NO, CONTAC_PERSON, CONTACT_ADDR, SERVICE_PHONE, ORG_ID, REVIEW_FLAG, END_SERVICE_DATE, SERVICE_STARE, MER_DETAIL, CLOSE_REASON)
values ('124551562121212', '788899', '2323121221・1・', '23563523', '12343', '12124534242332', '3412', '1223234321323433443434343', '126362737446', '000001', '0', '20181025', '0', null, null);
commit;
prompt 3 records loaded
prompt Loading TRAN_LIST...
insert into TRAN_LIST (PRODUCT_ID, PRODUCT_NAME, MER_NO, MER_NAME, ACTIVITY_ID, ACTIVITY_NAME, INTEGRAL_VALUE, ORG_ID, P_ORG_ID, ORG_NAME, P_ORG_NAME, CUSTOMER_NAME, CUSTOMER_PHONE, USER_ID, USER_NAME, CUSTOMER_CARD_NO, MER_NO_POS, MER_NAME_POS, TRAN_DATE, TRAN_TIME, TERMINAL_NO, TRAN_STATE, BANK_NAME, CARD_TYPE, CART_VALIDITY, SYS_REFERENCE, AUTH_NO, TRACE_NO, BILL_NO, BATCH_NO, TRAN_WAY, CASH_NO, STATE, TRAN_COUNT, CERTIFICATE_NO, CERTIFICATE_TYPE, TRAN_ID, OLD_TRAN_ID)
values ('788C3EF6EFBF0BDDE055000000000001', '测试商品2', '222222222222222', '测试尊享商户', '10000000522', '测试活动', 1, '000001', '000', '中国银行苏州分行营业部', '中国银行苏州分行', '123', '12345678912', '1', '管理员', '6013826101041852935', '104320582200018', null, '20181019', '141318', '32942385', '00', null, '01', '2602', '829298421354', null, '000110', '000017', '000002', null, null, '01', 1, '123123', '0', '65ffcd3175b540ce94f3ab2f70f844ce', 'be01e825bfb64e49969e35c23abfcbc3');
insert into TRAN_LIST (PRODUCT_ID, PRODUCT_NAME, MER_NO, MER_NAME, ACTIVITY_ID, ACTIVITY_NAME, INTEGRAL_VALUE, ORG_ID, P_ORG_ID, ORG_NAME, P_ORG_NAME, CUSTOMER_NAME, CUSTOMER_PHONE, USER_ID, USER_NAME, CUSTOMER_CARD_NO, MER_NO_POS, MER_NAME_POS, TRAN_DATE, TRAN_TIME, TERMINAL_NO, TRAN_STATE, BANK_NAME, CARD_TYPE, CART_VALIDITY, SYS_REFERENCE, AUTH_NO, TRACE_NO, BILL_NO, BATCH_NO, TRAN_WAY, CASH_NO, STATE, TRAN_COUNT, CERTIFICATE_NO, CERTIFICATE_TYPE, TRAN_ID, OLD_TRAN_ID)
values ('111111', '测试', '111111111111111', '测试商户', 'nomal', 'nomal', 1, '000001', '000', '中国银行苏州分行营业部', '中国银行苏州分行', '55522', '12345678912', '1', '管理员', null, null, null, '20181019', '141819', null, '01', null, null, null, null, null, null, null, null, null, null, '00', 1, '453212336887774', '0', '7e1fa3eca5ae43b983f87a99237915a4', null);
insert into TRAN_LIST (PRODUCT_ID, PRODUCT_NAME, MER_NO, MER_NAME, ACTIVITY_ID, ACTIVITY_NAME, INTEGRAL_VALUE, ORG_ID, P_ORG_ID, ORG_NAME, P_ORG_NAME, CUSTOMER_NAME, CUSTOMER_PHONE, USER_ID, USER_NAME, CUSTOMER_CARD_NO, MER_NO_POS, MER_NAME_POS, TRAN_DATE, TRAN_TIME, TERMINAL_NO, TRAN_STATE, BANK_NAME, CARD_TYPE, CART_VALIDITY, SYS_REFERENCE, AUTH_NO, TRACE_NO, BILL_NO, BATCH_NO, TRAN_WAY, CASH_NO, STATE, TRAN_COUNT, CERTIFICATE_NO, CERTIFICATE_TYPE, TRAN_ID, OLD_TRAN_ID)
values ('111111', '测试', '111111111111111', '测试商户', 'nomal', 'nomal', 1, '000001', '000', '中国银行苏州分行营业部', '中国银行苏州分行', '1231111', '12345678912', '1', '管理员', null, '104320582200018', null, '20181019', '141906', '32942385', '00', null, '01', '2602', '829296411296', null, '000120', '000019', '000002', null, null, '02', 1, '564312316546', '0', 'f5ac36366cd749f4badce927b0a2e98b', null);
insert into TRAN_LIST (PRODUCT_ID, PRODUCT_NAME, MER_NO, MER_NAME, ACTIVITY_ID, ACTIVITY_NAME, INTEGRAL_VALUE, ORG_ID, P_ORG_ID, ORG_NAME, P_ORG_NAME, CUSTOMER_NAME, CUSTOMER_PHONE, USER_ID, USER_NAME, CUSTOMER_CARD_NO, MER_NO_POS, MER_NAME_POS, TRAN_DATE, TRAN_TIME, TERMINAL_NO, TRAN_STATE, BANK_NAME, CARD_TYPE, CART_VALIDITY, SYS_REFERENCE, AUTH_NO, TRACE_NO, BILL_NO, BATCH_NO, TRAN_WAY, CASH_NO, STATE, TRAN_COUNT, CERTIFICATE_NO, CERTIFICATE_TYPE, TRAN_ID, OLD_TRAN_ID)
values ('111111', '测试', '111111111111111', '测试商户', 'nomal', 'nomal', 1, '000001', '000', '中国银行苏州分行营业部', '中国银行苏州分行', '1231111', '12345678912', '1', '管理员', null, '104320582200018', null, '20181019', '141906', '32942385', '01', null, '01', '2602', '829296411296', null, '000120', null, '000002', null, null, '01', 1, '564312316546', '0', '1ee289df136b433bb654cf97e424c9f7', 'f5ac36366cd749f4badce927b0a2e98b');
insert into TRAN_LIST (PRODUCT_ID, PRODUCT_NAME, MER_NO, MER_NAME, ACTIVITY_ID, ACTIVITY_NAME, INTEGRAL_VALUE, ORG_ID, P_ORG_ID, ORG_NAME, P_ORG_NAME, CUSTOMER_NAME, CUSTOMER_PHONE, USER_ID, USER_NAME, CUSTOMER_CARD_NO, MER_NO_POS, MER_NAME_POS, TRAN_DATE, TRAN_TIME, TERMINAL_NO, TRAN_STATE, BANK_NAME, CARD_TYPE, CART_VALIDITY, SYS_REFERENCE, AUTH_NO, TRACE_NO, BILL_NO, BATCH_NO, TRAN_WAY, CASH_NO, STATE, TRAN_COUNT, CERTIFICATE_NO, CERTIFICATE_TYPE, TRAN_ID, OLD_TRAN_ID)
values ('111111', '测试', '111111111111111', '测试商户', 'nomal', 'nomal', 1, '000001', '000', '中国银行苏州分行营业部', '中国银行苏州分行', '1231111', '12345678912', '1', '管理员', null, '104320582200018', null, '20181019', '141906', '32942385', '00', null, '01', '2602', '829296411296', null, '000120', '000019', '000002', null, null, '01', 1, '564312316546', '0', '4db7d543bc054c1f916e832772f1a97d', 'f5ac36366cd749f4badce927b0a2e98b');
insert into TRAN_LIST (PRODUCT_ID, PRODUCT_NAME, MER_NO, MER_NAME, ACTIVITY_ID, ACTIVITY_NAME, INTEGRAL_VALUE, ORG_ID, P_ORG_ID, ORG_NAME, P_ORG_NAME, CUSTOMER_NAME, CUSTOMER_PHONE, USER_ID, USER_NAME, CUSTOMER_CARD_NO, MER_NO_POS, MER_NAME_POS, TRAN_DATE, TRAN_TIME, TERMINAL_NO, TRAN_STATE, BANK_NAME, CARD_TYPE, CART_VALIDITY, SYS_REFERENCE, AUTH_NO, TRACE_NO, BILL_NO, BATCH_NO, TRAN_WAY, CASH_NO, STATE, TRAN_COUNT, CERTIFICATE_NO, CERTIFICATE_TYPE, TRAN_ID, OLD_TRAN_ID)
values ('788C3EF6EFBE0BDDE055000000000001', '测试商品1', '222222222222222', '测试尊享商户', '10000000522', '测试活动', 1, '000001', '000', '中国银行苏州分行营业部', '中国银行苏州分行', '123', '12345678912', '1', '管理员', '6013826101041852935', '104320582200018', null, '20181019', '151424', '32942385', '00', null, '01', '2602', '829295410285', null, '000126', '000021', '000002', null, null, '02', 1, '123123', '0', '41c4d9e8aa0a454b95fd2099901cb2d2', null);
insert into TRAN_LIST (PRODUCT_ID, PRODUCT_NAME, MER_NO, MER_NAME, ACTIVITY_ID, ACTIVITY_NAME, INTEGRAL_VALUE, ORG_ID, P_ORG_ID, ORG_NAME, P_ORG_NAME, CUSTOMER_NAME, CUSTOMER_PHONE, USER_ID, USER_NAME, CUSTOMER_CARD_NO, MER_NO_POS, MER_NAME_POS, TRAN_DATE, TRAN_TIME, TERMINAL_NO, TRAN_STATE, BANK_NAME, CARD_TYPE, CART_VALIDITY, SYS_REFERENCE, AUTH_NO, TRACE_NO, BILL_NO, BATCH_NO, TRAN_WAY, CASH_NO, STATE, TRAN_COUNT, CERTIFICATE_NO, CERTIFICATE_TYPE, TRAN_ID, OLD_TRAN_ID)
values ('788C3EF6EFBE0BDDE055000000000001', '测试商品1', '222222222222222', '测试尊享商户', '10000000522', '测试活动', 1, '000001', '000', '中国银行苏州分行营业部', '中国银行苏州分行', '123', '12345678912', '1', '管理员', '6013826101041852935', '104320582200018', null, '20181019', '151424', '32942385', '00', null, '01', '2602', '829295410285', null, '000126', '000021', '000002', null, null, '01', 1, '123123', '0', '1f26fcbe85ce4847a9b998aebf2554bd', '41c4d9e8aa0a454b95fd2099901cb2d2');
insert into TRAN_LIST (PRODUCT_ID, PRODUCT_NAME, MER_NO, MER_NAME, ACTIVITY_ID, ACTIVITY_NAME, INTEGRAL_VALUE, ORG_ID, P_ORG_ID, ORG_NAME, P_ORG_NAME, CUSTOMER_NAME, CUSTOMER_PHONE, USER_ID, USER_NAME, CUSTOMER_CARD_NO, MER_NO_POS, MER_NAME_POS, TRAN_DATE, TRAN_TIME, TERMINAL_NO, TRAN_STATE, BANK_NAME, CARD_TYPE, CART_VALIDITY, SYS_REFERENCE, AUTH_NO, TRACE_NO, BILL_NO, BATCH_NO, TRAN_WAY, CASH_NO, STATE, TRAN_COUNT, CERTIFICATE_NO, CERTIFICATE_TYPE, TRAN_ID, OLD_TRAN_ID)
values ('7890BCA8614D364BE055000000000001', '帽子', '111111111111112', '优惠商户', '10000000523', '活动1', 1, '000001', '000', '中国银行苏州分行营业部', '中国银行苏州分行', '123', '12345678912', '1', '管理员', '6013826101041852935', '104320582200018', null, '20181019', '153902', '32942385', '00', null, '01', '2602', '829295412340', null, '000140', '000023', '000002', null, null, '02', 1, '123123', '0', '3c6c1fe63d154479ae4e9f57b36f155c', null);
insert into TRAN_LIST (PRODUCT_ID, PRODUCT_NAME, MER_NO, MER_NAME, ACTIVITY_ID, ACTIVITY_NAME, INTEGRAL_VALUE, ORG_ID, P_ORG_ID, ORG_NAME, P_ORG_NAME, CUSTOMER_NAME, CUSTOMER_PHONE, USER_ID, USER_NAME, CUSTOMER_CARD_NO, MER_NO_POS, MER_NAME_POS, TRAN_DATE, TRAN_TIME, TERMINAL_NO, TRAN_STATE, BANK_NAME, CARD_TYPE, CART_VALIDITY, SYS_REFERENCE, AUTH_NO, TRACE_NO, BILL_NO, BATCH_NO, TRAN_WAY, CASH_NO, STATE, TRAN_COUNT, CERTIFICATE_NO, CERTIFICATE_TYPE, TRAN_ID, OLD_TRAN_ID)
values ('7890BCA8614D364BE055000000000001', '帽子', '111111111111112', '优惠商户', '10000000523', '活动1', 1, '000001', '000', '中国银行苏州分行营业部', '中国银行苏州分行', '123', '12345678912', '1', '管理员', '6013826101041852935', '104320582200018', null, '20181019', '153902', '32942385', '00', null, '01', '2602', '829295412340', null, '000140', '000023', '000002', null, null, '01', 1, '123123', '0', '328d72d56fe44359a12ea83db73ba6a4', '3c6c1fe63d154479ae4e9f57b36f155c');
insert into TRAN_LIST (PRODUCT_ID, PRODUCT_NAME, MER_NO, MER_NAME, ACTIVITY_ID, ACTIVITY_NAME, INTEGRAL_VALUE, ORG_ID, P_ORG_ID, ORG_NAME, P_ORG_NAME, CUSTOMER_NAME, CUSTOMER_PHONE, USER_ID, USER_NAME, CUSTOMER_CARD_NO, MER_NO_POS, MER_NAME_POS, TRAN_DATE, TRAN_TIME, TERMINAL_NO, TRAN_STATE, BANK_NAME, CARD_TYPE, CART_VALIDITY, SYS_REFERENCE, AUTH_NO, TRACE_NO, BILL_NO, BATCH_NO, TRAN_WAY, CASH_NO, STATE, TRAN_COUNT, CERTIFICATE_NO, CERTIFICATE_TYPE, TRAN_ID, OLD_TRAN_ID)
values ('111111', '测试', '111111111111111', '测试商户', 'nomal', 'nomal', 1, '000001', '000', '中国银行苏州分行营业部', '中国银行苏州分行', '彭国伦', '12345678912', '1', '管理员', '6216696101000033739', '104320582200018', null, '20181025', '154954', '32942385', '00', null, '01', '2509', '829850776274', null, '000153', '000025', '000003', null, null, '02', 1, '12312231212', '0', '42ee06acdc664c678ab8c60a24b6654e', null);
insert into TRAN_LIST (PRODUCT_ID, PRODUCT_NAME, MER_NO, MER_NAME, ACTIVITY_ID, ACTIVITY_NAME, INTEGRAL_VALUE, ORG_ID, P_ORG_ID, ORG_NAME, P_ORG_NAME, CUSTOMER_NAME, CUSTOMER_PHONE, USER_ID, USER_NAME, CUSTOMER_CARD_NO, MER_NO_POS, MER_NAME_POS, TRAN_DATE, TRAN_TIME, TERMINAL_NO, TRAN_STATE, BANK_NAME, CARD_TYPE, CART_VALIDITY, SYS_REFERENCE, AUTH_NO, TRACE_NO, BILL_NO, BATCH_NO, TRAN_WAY, CASH_NO, STATE, TRAN_COUNT, CERTIFICATE_NO, CERTIFICATE_TYPE, TRAN_ID, OLD_TRAN_ID)
values ('111111', '测试', '111111111111111', '测试商户', 'nomal', 'nomal', 1, '000001', '000', '中国银行苏州分行营业部', '中国银行苏州分行', '彭国伦', '12345678912', '1', '管理员', '6216696101000033739', '104320582200018', null, '20181025', '154954', '32942385', '01', null, '01', '2509', '829850776274', null, '000153', null, '000003', null, null, '01', 1, '12312231212', '0', '9f93ea522b3a4b7eabcd284683618ff5', '42ee06acdc664c678ab8c60a24b6654e');
insert into TRAN_LIST (PRODUCT_ID, PRODUCT_NAME, MER_NO, MER_NAME, ACTIVITY_ID, ACTIVITY_NAME, INTEGRAL_VALUE, ORG_ID, P_ORG_ID, ORG_NAME, P_ORG_NAME, CUSTOMER_NAME, CUSTOMER_PHONE, USER_ID, USER_NAME, CUSTOMER_CARD_NO, MER_NO_POS, MER_NAME_POS, TRAN_DATE, TRAN_TIME, TERMINAL_NO, TRAN_STATE, BANK_NAME, CARD_TYPE, CART_VALIDITY, SYS_REFERENCE, AUTH_NO, TRACE_NO, BILL_NO, BATCH_NO, TRAN_WAY, CASH_NO, STATE, TRAN_COUNT, CERTIFICATE_NO, CERTIFICATE_TYPE, TRAN_ID, OLD_TRAN_ID)
values ('111111', '测试', '111111111111111', '测试商户', 'nomal', 'nomal', 1, '000001', '000', '中国银行苏州分行营业部', '中国银行苏州分行', 'pengguolun', '12345678912', '1', '管理员', null, null, null, '20181030', '132450', null, '01', null, null, null, null, null, null, null, null, null, null, '00', 1, '45445455454', '0', '26931d620aea426c94cbf506720ffc3f', null);
insert into TRAN_LIST (PRODUCT_ID, PRODUCT_NAME, MER_NO, MER_NAME, ACTIVITY_ID, ACTIVITY_NAME, INTEGRAL_VALUE, ORG_ID, P_ORG_ID, ORG_NAME, P_ORG_NAME, CUSTOMER_NAME, CUSTOMER_PHONE, USER_ID, USER_NAME, CUSTOMER_CARD_NO, MER_NO_POS, MER_NAME_POS, TRAN_DATE, TRAN_TIME, TERMINAL_NO, TRAN_STATE, BANK_NAME, CARD_TYPE, CART_VALIDITY, SYS_REFERENCE, AUTH_NO, TRACE_NO, BILL_NO, BATCH_NO, TRAN_WAY, CASH_NO, STATE, TRAN_COUNT, CERTIFICATE_NO, CERTIFICATE_TYPE, TRAN_ID, OLD_TRAN_ID)
values ('111111', '测试', '111111111111111', '测试商户', 'nomal', 'nomal', 1, '000001', '000', '中国银行苏州分行营业部', '中国银行苏州分行', '678', '12345678912', '1', '管理员', null, null, null, '20181030', '132652', null, '01', null, null, null, null, null, null, null, null, null, null, '00', 1, '9090888', '0', 'dd5773c6c69041c4a540aeff3adae6a4', null);
insert into TRAN_LIST (PRODUCT_ID, PRODUCT_NAME, MER_NO, MER_NAME, ACTIVITY_ID, ACTIVITY_NAME, INTEGRAL_VALUE, ORG_ID, P_ORG_ID, ORG_NAME, P_ORG_NAME, CUSTOMER_NAME, CUSTOMER_PHONE, USER_ID, USER_NAME, CUSTOMER_CARD_NO, MER_NO_POS, MER_NAME_POS, TRAN_DATE, TRAN_TIME, TERMINAL_NO, TRAN_STATE, BANK_NAME, CARD_TYPE, CART_VALIDITY, SYS_REFERENCE, AUTH_NO, TRACE_NO, BILL_NO, BATCH_NO, TRAN_WAY, CASH_NO, STATE, TRAN_COUNT, CERTIFICATE_NO, CERTIFICATE_TYPE, TRAN_ID, OLD_TRAN_ID)
values ('111111', '测试', '111111111111111', '测试商户', 'nomal', 'nomal', 1, '000001', '000', '中国银行苏州分行营业部', '中国银行苏州分行', '3255233', '12345678912', '1', '管理员', '6216696101000033739', '104320582200018', null, '20181030', '135153', '32942385', '00', null, '01', '2509', '830373229823', null, '000201', '000026', '000004', null, null, '02', 1, '1212212121', '0', 'c0daaf70ba8644ef8cc0b7cc79108af1', null);
insert into TRAN_LIST (PRODUCT_ID, PRODUCT_NAME, MER_NO, MER_NAME, ACTIVITY_ID, ACTIVITY_NAME, INTEGRAL_VALUE, ORG_ID, P_ORG_ID, ORG_NAME, P_ORG_NAME, CUSTOMER_NAME, CUSTOMER_PHONE, USER_ID, USER_NAME, CUSTOMER_CARD_NO, MER_NO_POS, MER_NAME_POS, TRAN_DATE, TRAN_TIME, TERMINAL_NO, TRAN_STATE, BANK_NAME, CARD_TYPE, CART_VALIDITY, SYS_REFERENCE, AUTH_NO, TRACE_NO, BILL_NO, BATCH_NO, TRAN_WAY, CASH_NO, STATE, TRAN_COUNT, CERTIFICATE_NO, CERTIFICATE_TYPE, TRAN_ID, OLD_TRAN_ID)
values ('111111', '测试', '111111111111111', '测试商户', 'nomal', 'nomal', 1, '000001', '000', '中国银行苏州分行营业部', '中国银行苏州分行', '3255233', '12345678912', '1', '管理员', '6216696101000033739', '104320582200018', null, '20181030', '135153', '32942385', '01', null, '01', '2509', '830373229823', null, '000201', null, '000004', null, null, '01', 1, '1212212121', '0', '503ac4cf2ad2458daf4d401413131988', 'c0daaf70ba8644ef8cc0b7cc79108af1');
insert into TRAN_LIST (PRODUCT_ID, PRODUCT_NAME, MER_NO, MER_NAME, ACTIVITY_ID, ACTIVITY_NAME, INTEGRAL_VALUE, ORG_ID, P_ORG_ID, ORG_NAME, P_ORG_NAME, CUSTOMER_NAME, CUSTOMER_PHONE, USER_ID, USER_NAME, CUSTOMER_CARD_NO, MER_NO_POS, MER_NAME_POS, TRAN_DATE, TRAN_TIME, TERMINAL_NO, TRAN_STATE, BANK_NAME, CARD_TYPE, CART_VALIDITY, SYS_REFERENCE, AUTH_NO, TRACE_NO, BILL_NO, BATCH_NO, TRAN_WAY, CASH_NO, STATE, TRAN_COUNT, CERTIFICATE_NO, CERTIFICATE_TYPE, TRAN_ID, OLD_TRAN_ID)
values ('111111', '测试', '111111111111111', '测试商户', 'nomal', 'nomal', 1, '000001', '000', '中国银行苏州分行营业部', '中国银行苏州分行', '3255233', '12345678912', '1', '管理员', '6216696101000033739', '104320582200018', null, '20181030', '135153', '32942385', '00', null, '01', '2509', '830373229823', null, '000201', '000026', '000004', null, null, '01', 1, '1212212121', '0', '0d4bd211229f4f1a9420ef2548c24b8d', 'c0daaf70ba8644ef8cc0b7cc79108af1');
insert into TRAN_LIST (PRODUCT_ID, PRODUCT_NAME, MER_NO, MER_NAME, ACTIVITY_ID, ACTIVITY_NAME, INTEGRAL_VALUE, ORG_ID, P_ORG_ID, ORG_NAME, P_ORG_NAME, CUSTOMER_NAME, CUSTOMER_PHONE, USER_ID, USER_NAME, CUSTOMER_CARD_NO, MER_NO_POS, MER_NAME_POS, TRAN_DATE, TRAN_TIME, TERMINAL_NO, TRAN_STATE, BANK_NAME, CARD_TYPE, CART_VALIDITY, SYS_REFERENCE, AUTH_NO, TRACE_NO, BILL_NO, BATCH_NO, TRAN_WAY, CASH_NO, STATE, TRAN_COUNT, CERTIFICATE_NO, CERTIFICATE_TYPE, TRAN_ID, OLD_TRAN_ID)
values ('111111', '测试', '111111111111111', '测试商户', 'nomal', 'nomal', 1, '000001', '000', '中国银行苏州分行营业部', '中国银行苏州分行', '90000', '12345678912', '1', '管理员', null, null, null, '20181030', '140130', null, '01', null, null, null, null, null, null, null, null, null, null, '00', 1, '8787676565', '0', 'c4801c648bb349b8b79ad5558e704e52', null);
insert into TRAN_LIST (PRODUCT_ID, PRODUCT_NAME, MER_NO, MER_NAME, ACTIVITY_ID, ACTIVITY_NAME, INTEGRAL_VALUE, ORG_ID, P_ORG_ID, ORG_NAME, P_ORG_NAME, CUSTOMER_NAME, CUSTOMER_PHONE, USER_ID, USER_NAME, CUSTOMER_CARD_NO, MER_NO_POS, MER_NAME_POS, TRAN_DATE, TRAN_TIME, TERMINAL_NO, TRAN_STATE, BANK_NAME, CARD_TYPE, CART_VALIDITY, SYS_REFERENCE, AUTH_NO, TRACE_NO, BILL_NO, BATCH_NO, TRAN_WAY, CASH_NO, STATE, TRAN_COUNT, CERTIFICATE_NO, CERTIFICATE_TYPE, TRAN_ID, OLD_TRAN_ID)
values ('111111', '测试', '111111111111111', '测试商户', 'nomal', 'nomal', 1, '000001', '000', '中国银行苏州分行营业部', '中国银行苏州分行', '908888', '12345678912', '1', '管理员', '6216696101000033739', '104320582200018', null, '20181030', '140502', '32942385', '00', null, '01', '2509', '830377232040', null, '000210', '000028', '000004', null, null, '02', 1, '900990', '0', '627f67ef9f5243f1a541354ff58a1373', null);
insert into TRAN_LIST (PRODUCT_ID, PRODUCT_NAME, MER_NO, MER_NAME, ACTIVITY_ID, ACTIVITY_NAME, INTEGRAL_VALUE, ORG_ID, P_ORG_ID, ORG_NAME, P_ORG_NAME, CUSTOMER_NAME, CUSTOMER_PHONE, USER_ID, USER_NAME, CUSTOMER_CARD_NO, MER_NO_POS, MER_NAME_POS, TRAN_DATE, TRAN_TIME, TERMINAL_NO, TRAN_STATE, BANK_NAME, CARD_TYPE, CART_VALIDITY, SYS_REFERENCE, AUTH_NO, TRACE_NO, BILL_NO, BATCH_NO, TRAN_WAY, CASH_NO, STATE, TRAN_COUNT, CERTIFICATE_NO, CERTIFICATE_TYPE, TRAN_ID, OLD_TRAN_ID)
values ('111111', '测试', '111111111111111', '测试商户', 'nomal', 'nomal', 1, '000001', '000', '中国银行苏州分行营业部', '中国银行苏州分行', '908888', '12345678912', '1', '管理员', '6216696101000033739', '104320582200018', null, '20181030', '140502', '32942385', '00', null, '01', '2509', '830377232040', null, '000210', '000028', '000004', null, null, '01', 1, '900990', '0', 'f69c3501d28c4e45b217ae3e47462706', '627f67ef9f5243f1a541354ff58a1373');
insert into TRAN_LIST (PRODUCT_ID, PRODUCT_NAME, MER_NO, MER_NAME, ACTIVITY_ID, ACTIVITY_NAME, INTEGRAL_VALUE, ORG_ID, P_ORG_ID, ORG_NAME, P_ORG_NAME, CUSTOMER_NAME, CUSTOMER_PHONE, USER_ID, USER_NAME, CUSTOMER_CARD_NO, MER_NO_POS, MER_NAME_POS, TRAN_DATE, TRAN_TIME, TERMINAL_NO, TRAN_STATE, BANK_NAME, CARD_TYPE, CART_VALIDITY, SYS_REFERENCE, AUTH_NO, TRACE_NO, BILL_NO, BATCH_NO, TRAN_WAY, CASH_NO, STATE, TRAN_COUNT, CERTIFICATE_NO, CERTIFICATE_TYPE, TRAN_ID, OLD_TRAN_ID)
values ('111111', '测试', '111111111111111', '测试商户', 'nomal', 'nomal', 1, '000001', '000', '中国银行苏州分行营业部', '中国银行苏州分行', '98899', '12345678912', '1', '管理员', '6216696101000033739', '104320582200018', null, '20181030', '141300', '32942385', '00', null, '01', '2509', '830356828034', null, '000216', '000030', '000004', null, null, '02', 1, '89976', '0', 'aec047e4e6a646498e937fdea996e5d9', null);
insert into TRAN_LIST (PRODUCT_ID, PRODUCT_NAME, MER_NO, MER_NAME, ACTIVITY_ID, ACTIVITY_NAME, INTEGRAL_VALUE, ORG_ID, P_ORG_ID, ORG_NAME, P_ORG_NAME, CUSTOMER_NAME, CUSTOMER_PHONE, USER_ID, USER_NAME, CUSTOMER_CARD_NO, MER_NO_POS, MER_NAME_POS, TRAN_DATE, TRAN_TIME, TERMINAL_NO, TRAN_STATE, BANK_NAME, CARD_TYPE, CART_VALIDITY, SYS_REFERENCE, AUTH_NO, TRACE_NO, BILL_NO, BATCH_NO, TRAN_WAY, CASH_NO, STATE, TRAN_COUNT, CERTIFICATE_NO, CERTIFICATE_TYPE, TRAN_ID, OLD_TRAN_ID)
values ('111111', '测试', '111111111111111', '测试商户', 'nomal', 'nomal', 1, '000001', '000', '中国银行苏州分行营业部', '中国银行苏州分行', '98899', '12345678912', '1', '管理员', '6216696101000033739', '104320582200018', null, '20181030', '141300', '32942385', '00', null, '01', '2509', '830356828034', null, '000216', '000030', '000004', null, null, '01', 1, '89976', '0', '6f1f55b30bf04ccb9f2f03dff22ec5da', 'aec047e4e6a646498e937fdea996e5d9');
insert into TRAN_LIST (PRODUCT_ID, PRODUCT_NAME, MER_NO, MER_NAME, ACTIVITY_ID, ACTIVITY_NAME, INTEGRAL_VALUE, ORG_ID, P_ORG_ID, ORG_NAME, P_ORG_NAME, CUSTOMER_NAME, CUSTOMER_PHONE, USER_ID, USER_NAME, CUSTOMER_CARD_NO, MER_NO_POS, MER_NAME_POS, TRAN_DATE, TRAN_TIME, TERMINAL_NO, TRAN_STATE, BANK_NAME, CARD_TYPE, CART_VALIDITY, SYS_REFERENCE, AUTH_NO, TRACE_NO, BILL_NO, BATCH_NO, TRAN_WAY, CASH_NO, STATE, TRAN_COUNT, CERTIFICATE_NO, CERTIFICATE_TYPE, TRAN_ID, OLD_TRAN_ID)
values ('111111', '测试', '111111111111111', '测试商户', 'nomal', 'nomal', 1, '000001', '000', '中国银行苏州分行营业部', '中国银行苏州分行', 'pgl', '12345678912', '1', '管理员', null, null, null, '20181030', '141714', null, '55', null, null, null, null, null, null, null, null, null, null, '00', 1, '9866544', '0', '7903171e7f974f6f87aaa9a29aacbb45', null);
insert into TRAN_LIST (PRODUCT_ID, PRODUCT_NAME, MER_NO, MER_NAME, ACTIVITY_ID, ACTIVITY_NAME, INTEGRAL_VALUE, ORG_ID, P_ORG_ID, ORG_NAME, P_ORG_NAME, CUSTOMER_NAME, CUSTOMER_PHONE, USER_ID, USER_NAME, CUSTOMER_CARD_NO, MER_NO_POS, MER_NAME_POS, TRAN_DATE, TRAN_TIME, TERMINAL_NO, TRAN_STATE, BANK_NAME, CARD_TYPE, CART_VALIDITY, SYS_REFERENCE, AUTH_NO, TRACE_NO, BILL_NO, BATCH_NO, TRAN_WAY, CASH_NO, STATE, TRAN_COUNT, CERTIFICATE_NO, CERTIFICATE_TYPE, TRAN_ID, OLD_TRAN_ID)
values ('111111', '测试', '111111111111111', '测试商户', 'nomal', 'nomal', 1, '000001', '000', '中国银行苏州分行营业部', '中国银行苏州分行', '090', '12345678912', '1', '管理员', '6216696101000033739', '104320582200018', null, '20181030', '141823', '32942385', '00', null, '01', '2509', '830377232263', null, '000226', '000032', '000004', null, null, '02', 1, '098765655', '0', '091c72fabbb944c991e47db1f13d783b', null);
insert into TRAN_LIST (PRODUCT_ID, PRODUCT_NAME, MER_NO, MER_NAME, ACTIVITY_ID, ACTIVITY_NAME, INTEGRAL_VALUE, ORG_ID, P_ORG_ID, ORG_NAME, P_ORG_NAME, CUSTOMER_NAME, CUSTOMER_PHONE, USER_ID, USER_NAME, CUSTOMER_CARD_NO, MER_NO_POS, MER_NAME_POS, TRAN_DATE, TRAN_TIME, TERMINAL_NO, TRAN_STATE, BANK_NAME, CARD_TYPE, CART_VALIDITY, SYS_REFERENCE, AUTH_NO, TRACE_NO, BILL_NO, BATCH_NO, TRAN_WAY, CASH_NO, STATE, TRAN_COUNT, CERTIFICATE_NO, CERTIFICATE_TYPE, TRAN_ID, OLD_TRAN_ID)
values ('111111', '测试', '111111111111111', '测试商户', 'nomal', 'nomal', 1, '000001', '000', '中国银行苏州分行营业部', '中国银行苏州分行', '090', '12345678912', '1', '管理员', '6216696101000033739', '104320582200018', null, '20181030', '141823', '32942385', '00', null, '01', '2509', '830377232263', null, '000226', '000032', '000004', null, null, '01', 1, '098765655', '0', '896c7311d3814700a99249d83f5dfed3', '091c72fabbb944c991e47db1f13d783b');
insert into TRAN_LIST (PRODUCT_ID, PRODUCT_NAME, MER_NO, MER_NAME, ACTIVITY_ID, ACTIVITY_NAME, INTEGRAL_VALUE, ORG_ID, P_ORG_ID, ORG_NAME, P_ORG_NAME, CUSTOMER_NAME, CUSTOMER_PHONE, USER_ID, USER_NAME, CUSTOMER_CARD_NO, MER_NO_POS, MER_NAME_POS, TRAN_DATE, TRAN_TIME, TERMINAL_NO, TRAN_STATE, BANK_NAME, CARD_TYPE, CART_VALIDITY, SYS_REFERENCE, AUTH_NO, TRACE_NO, BILL_NO, BATCH_NO, TRAN_WAY, CASH_NO, STATE, TRAN_COUNT, CERTIFICATE_NO, CERTIFICATE_TYPE, TRAN_ID, OLD_TRAN_ID)
values ('111111', '测试', '111111111111111', '测试商户', 'nomal', 'nomal', 1, '000001', '000', '中国银行苏州分行营业部', '中国银行苏州分行', '98899', '12345678912', '1', '管理员', '6216696101000033739', '104320582200018', null, '20181030', '142456', '32942385', '00', null, '01', '2509', '830335232331', null, '000232', '000034', '000004', null, null, '02', 1, '0987676', '0', '2bb5737a7d1c4584a041727aa202bbfa', null);
insert into TRAN_LIST (PRODUCT_ID, PRODUCT_NAME, MER_NO, MER_NAME, ACTIVITY_ID, ACTIVITY_NAME, INTEGRAL_VALUE, ORG_ID, P_ORG_ID, ORG_NAME, P_ORG_NAME, CUSTOMER_NAME, CUSTOMER_PHONE, USER_ID, USER_NAME, CUSTOMER_CARD_NO, MER_NO_POS, MER_NAME_POS, TRAN_DATE, TRAN_TIME, TERMINAL_NO, TRAN_STATE, BANK_NAME, CARD_TYPE, CART_VALIDITY, SYS_REFERENCE, AUTH_NO, TRACE_NO, BILL_NO, BATCH_NO, TRAN_WAY, CASH_NO, STATE, TRAN_COUNT, CERTIFICATE_NO, CERTIFICATE_TYPE, TRAN_ID, OLD_TRAN_ID)
values ('111111', '测试', '111111111111111', '测试商户', 'nomal', 'nomal', 1, '000001', '000', '中国银行苏州分行营业部', '中国银行苏州分行', '98899', '12345678912', '1', '管理员', '6216696101000033739', '104320582200018', null, '20181030', '142456', '32942385', '00', null, '01', '2509', '830335232331', null, '000232', '000034', '000004', null, null, '01', 1, '0987676', '0', '20c8d7ad715a4d7e939d2d49e0cc58c2', '2bb5737a7d1c4584a041727aa202bbfa');
insert into TRAN_LIST (PRODUCT_ID, PRODUCT_NAME, MER_NO, MER_NAME, ACTIVITY_ID, ACTIVITY_NAME, INTEGRAL_VALUE, ORG_ID, P_ORG_ID, ORG_NAME, P_ORG_NAME, CUSTOMER_NAME, CUSTOMER_PHONE, USER_ID, USER_NAME, CUSTOMER_CARD_NO, MER_NO_POS, MER_NAME_POS, TRAN_DATE, TRAN_TIME, TERMINAL_NO, TRAN_STATE, BANK_NAME, CARD_TYPE, CART_VALIDITY, SYS_REFERENCE, AUTH_NO, TRACE_NO, BILL_NO, BATCH_NO, TRAN_WAY, CASH_NO, STATE, TRAN_COUNT, CERTIFICATE_NO, CERTIFICATE_TYPE, TRAN_ID, OLD_TRAN_ID)
values ('111111', '测试', '111111111111111', '测试商户', 'nomal', 'nomal', 1, '000001', '000', '中国银行苏州分行营业部', '中国银行苏州分行', 'pgl', '12345678912', '1', '管理员', null, null, null, '20181030', '120134', null, '01', null, null, null, null, null, null, null, null, null, null, '00', 1, '123233232', '0', '8a4716a4deee473ebebcb0fc1c6df55a', null);
insert into TRAN_LIST (PRODUCT_ID, PRODUCT_NAME, MER_NO, MER_NAME, ACTIVITY_ID, ACTIVITY_NAME, INTEGRAL_VALUE, ORG_ID, P_ORG_ID, ORG_NAME, P_ORG_NAME, CUSTOMER_NAME, CUSTOMER_PHONE, USER_ID, USER_NAME, CUSTOMER_CARD_NO, MER_NO_POS, MER_NAME_POS, TRAN_DATE, TRAN_TIME, TERMINAL_NO, TRAN_STATE, BANK_NAME, CARD_TYPE, CART_VALIDITY, SYS_REFERENCE, AUTH_NO, TRACE_NO, BILL_NO, BATCH_NO, TRAN_WAY, CASH_NO, STATE, TRAN_COUNT, CERTIFICATE_NO, CERTIFICATE_TYPE, TRAN_ID, OLD_TRAN_ID)
values ('111111', '测试', '111111111111111', '测试商户', 'nomal', 'nomal', 1, '000001', '000', '中国银行苏州分行营业部', '中国银行苏州分行', '0990', '12345678912', '1', '管理员', null, null, null, '20181030', '142821', null, '01', null, null, null, null, null, null, null, null, null, null, '00', 1, '8998888', '0', 'b4f0af9adfb644fc82812fdc417bd59b', null);
insert into TRAN_LIST (PRODUCT_ID, PRODUCT_NAME, MER_NO, MER_NAME, ACTIVITY_ID, ACTIVITY_NAME, INTEGRAL_VALUE, ORG_ID, P_ORG_ID, ORG_NAME, P_ORG_NAME, CUSTOMER_NAME, CUSTOMER_PHONE, USER_ID, USER_NAME, CUSTOMER_CARD_NO, MER_NO_POS, MER_NAME_POS, TRAN_DATE, TRAN_TIME, TERMINAL_NO, TRAN_STATE, BANK_NAME, CARD_TYPE, CART_VALIDITY, SYS_REFERENCE, AUTH_NO, TRACE_NO, BILL_NO, BATCH_NO, TRAN_WAY, CASH_NO, STATE, TRAN_COUNT, CERTIFICATE_NO, CERTIFICATE_TYPE, TRAN_ID, OLD_TRAN_ID)
values ('111111', '测试', '111111111111111', '测试商户', 'nomal', 'nomal', 1, '000001', '000', '中国银行苏州分行营业部', '中国银行苏州分行', '09000', '12345678912', '1', '管理员', '6216696101000033739', '104320582200018', null, '20181030', '142932', '32942385', '00', null, '01', '2509', '830371232772', null, '000240', '000036', '000004', null, null, '02', 1, '0099', '0', '7db0abfcf03441218044d4b23e4adcd8', null);
insert into TRAN_LIST (PRODUCT_ID, PRODUCT_NAME, MER_NO, MER_NAME, ACTIVITY_ID, ACTIVITY_NAME, INTEGRAL_VALUE, ORG_ID, P_ORG_ID, ORG_NAME, P_ORG_NAME, CUSTOMER_NAME, CUSTOMER_PHONE, USER_ID, USER_NAME, CUSTOMER_CARD_NO, MER_NO_POS, MER_NAME_POS, TRAN_DATE, TRAN_TIME, TERMINAL_NO, TRAN_STATE, BANK_NAME, CARD_TYPE, CART_VALIDITY, SYS_REFERENCE, AUTH_NO, TRACE_NO, BILL_NO, BATCH_NO, TRAN_WAY, CASH_NO, STATE, TRAN_COUNT, CERTIFICATE_NO, CERTIFICATE_TYPE, TRAN_ID, OLD_TRAN_ID)
values ('111111', '测试', '111111111111111', '测试商户', 'nomal', 'nomal', 1, '000001', '000', '中国银行苏州分行营业部', '中国银行苏州分行', '09000', '12345678912', '1', '管理员', '6216696101000033739', '104320582200018', null, '20181030', '142932', '32942385', '01', null, '01', '2509', '830371232772', null, '000240', null, '000004', null, null, '01', 1, '0099', '0', 'a85f9d915dac4e829e6f2908e5e6c3c3', '7db0abfcf03441218044d4b23e4adcd8');
insert into TRAN_LIST (PRODUCT_ID, PRODUCT_NAME, MER_NO, MER_NAME, ACTIVITY_ID, ACTIVITY_NAME, INTEGRAL_VALUE, ORG_ID, P_ORG_ID, ORG_NAME, P_ORG_NAME, CUSTOMER_NAME, CUSTOMER_PHONE, USER_ID, USER_NAME, CUSTOMER_CARD_NO, MER_NO_POS, MER_NAME_POS, TRAN_DATE, TRAN_TIME, TERMINAL_NO, TRAN_STATE, BANK_NAME, CARD_TYPE, CART_VALIDITY, SYS_REFERENCE, AUTH_NO, TRACE_NO, BILL_NO, BATCH_NO, TRAN_WAY, CASH_NO, STATE, TRAN_COUNT, CERTIFICATE_NO, CERTIFICATE_TYPE, TRAN_ID, OLD_TRAN_ID)
values ('111111', '测试', '111111111111111', '测试商户', 'nomal', 'nomal', 1, '000001', '000', '中国银行苏州分行营业部', '中国银行苏州分行', '09000', '12345678912', '1', '管理员', '6216696101000033739', '104320582200018', null, '20181030', '142932', '32942385', '01', null, '01', '2509', '830371232772', null, '000240', null, '000004', null, null, '01', 1, '0099', '0', '93f5002412584d73aa3b1e80d7a2be24', '7db0abfcf03441218044d4b23e4adcd8');
insert into TRAN_LIST (PRODUCT_ID, PRODUCT_NAME, MER_NO, MER_NAME, ACTIVITY_ID, ACTIVITY_NAME, INTEGRAL_VALUE, ORG_ID, P_ORG_ID, ORG_NAME, P_ORG_NAME, CUSTOMER_NAME, CUSTOMER_PHONE, USER_ID, USER_NAME, CUSTOMER_CARD_NO, MER_NO_POS, MER_NAME_POS, TRAN_DATE, TRAN_TIME, TERMINAL_NO, TRAN_STATE, BANK_NAME, CARD_TYPE, CART_VALIDITY, SYS_REFERENCE, AUTH_NO, TRACE_NO, BILL_NO, BATCH_NO, TRAN_WAY, CASH_NO, STATE, TRAN_COUNT, CERTIFICATE_NO, CERTIFICATE_TYPE, TRAN_ID, OLD_TRAN_ID)
values ('111111', '测试', '111111111111111', '测试商户', 'nomal', 'nomal', 1, '000001', '000', '中国银行苏州分行营业部', '中国银行苏州分行', '09000', '12345678912', '1', '管理员', '6216696101000033739', '104320582200018', null, '20181030', '142932', '32942385', '00', null, '01', '2509', '830371232772', null, '000240', '000036', '000004', null, null, '01', 1, '0099', '0', '5b8c3089bb7e43c8b80458af5712d958', '7db0abfcf03441218044d4b23e4adcd8');
insert into TRAN_LIST (PRODUCT_ID, PRODUCT_NAME, MER_NO, MER_NAME, ACTIVITY_ID, ACTIVITY_NAME, INTEGRAL_VALUE, ORG_ID, P_ORG_ID, ORG_NAME, P_ORG_NAME, CUSTOMER_NAME, CUSTOMER_PHONE, USER_ID, USER_NAME, CUSTOMER_CARD_NO, MER_NO_POS, MER_NAME_POS, TRAN_DATE, TRAN_TIME, TERMINAL_NO, TRAN_STATE, BANK_NAME, CARD_TYPE, CART_VALIDITY, SYS_REFERENCE, AUTH_NO, TRACE_NO, BILL_NO, BATCH_NO, TRAN_WAY, CASH_NO, STATE, TRAN_COUNT, CERTIFICATE_NO, CERTIFICATE_TYPE, TRAN_ID, OLD_TRAN_ID)
values ('111111', '测试', '111111111111111', '测试商户', 'nomal', 'nomal', 1, '000001', '000', '中国银行苏州分行营业部', '中国银行苏州分行', 'pgl', '12345678912', '1', '管理员', '6216696101000033739', '104320582200018', null, '20181030', '145258', '32942385', '00', null, '01', '2509', '830352828140', null, '000250', '000038', '000004', null, null, '02', 1, '56666', '0', '9a3cfcaa79864a05a3a6be65eccb5c3d', null);
insert into TRAN_LIST (PRODUCT_ID, PRODUCT_NAME, MER_NO, MER_NAME, ACTIVITY_ID, ACTIVITY_NAME, INTEGRAL_VALUE, ORG_ID, P_ORG_ID, ORG_NAME, P_ORG_NAME, CUSTOMER_NAME, CUSTOMER_PHONE, USER_ID, USER_NAME, CUSTOMER_CARD_NO, MER_NO_POS, MER_NAME_POS, TRAN_DATE, TRAN_TIME, TERMINAL_NO, TRAN_STATE, BANK_NAME, CARD_TYPE, CART_VALIDITY, SYS_REFERENCE, AUTH_NO, TRACE_NO, BILL_NO, BATCH_NO, TRAN_WAY, CASH_NO, STATE, TRAN_COUNT, CERTIFICATE_NO, CERTIFICATE_TYPE, TRAN_ID, OLD_TRAN_ID)
values ('111111', '测试', '111111111111111', '测试商户', 'nomal', 'nomal', 1, '000001', '000', '中国银行苏州分行营业部', '中国银行苏州分行', 'pgl', '12345678912', '1', '管理员', '6216696101000033739', '104320582200018', null, '20181030', '145258', '32942385', '00', null, '01', '2509', '830352828140', null, '000250', '000038', '000004', null, null, '01', 1, '56666', '0', '90d27362c1ab4bf6b7fe9414d3945e5c', '9a3cfcaa79864a05a3a6be65eccb5c3d');
insert into TRAN_LIST (PRODUCT_ID, PRODUCT_NAME, MER_NO, MER_NAME, ACTIVITY_ID, ACTIVITY_NAME, INTEGRAL_VALUE, ORG_ID, P_ORG_ID, ORG_NAME, P_ORG_NAME, CUSTOMER_NAME, CUSTOMER_PHONE, USER_ID, USER_NAME, CUSTOMER_CARD_NO, MER_NO_POS, MER_NAME_POS, TRAN_DATE, TRAN_TIME, TERMINAL_NO, TRAN_STATE, BANK_NAME, CARD_TYPE, CART_VALIDITY, SYS_REFERENCE, AUTH_NO, TRACE_NO, BILL_NO, BATCH_NO, TRAN_WAY, CASH_NO, STATE, TRAN_COUNT, CERTIFICATE_NO, CERTIFICATE_TYPE, TRAN_ID, OLD_TRAN_ID)
values ('111111', '测试', '111111111111111', '测试商户', 'nomal', 'nomal', 1, '000001', '000', '中国银行苏州分行营业部', '中国银行苏州分行', 'pgl', '12345678912', '1', '管理员', '6216696101000033739', '104320582200018', null, '20181030', '153545', '32942385', '00', null, '01', '2509', '830336233032', null, '000256', '000040', '000004', null, null, '02', 1, '122132', '0', '94440c737ca3482f8caac3c5cb94e53b', null);
insert into TRAN_LIST (PRODUCT_ID, PRODUCT_NAME, MER_NO, MER_NAME, ACTIVITY_ID, ACTIVITY_NAME, INTEGRAL_VALUE, ORG_ID, P_ORG_ID, ORG_NAME, P_ORG_NAME, CUSTOMER_NAME, CUSTOMER_PHONE, USER_ID, USER_NAME, CUSTOMER_CARD_NO, MER_NO_POS, MER_NAME_POS, TRAN_DATE, TRAN_TIME, TERMINAL_NO, TRAN_STATE, BANK_NAME, CARD_TYPE, CART_VALIDITY, SYS_REFERENCE, AUTH_NO, TRACE_NO, BILL_NO, BATCH_NO, TRAN_WAY, CASH_NO, STATE, TRAN_COUNT, CERTIFICATE_NO, CERTIFICATE_TYPE, TRAN_ID, OLD_TRAN_ID)
values ('111111', '测试', '111111111111111', '测试商户', 'nomal', 'nomal', 1, '000001', '000', '中国银行苏州分行营业部', '中国银行苏州分行', 'pgl', '12345678912', '1', '管理员', '6216696101000033739', '104320582200018', null, '20181030', '153545', '32942385', '00', null, '01', '2509', '830336233032', null, '000256', '000040', '000004', null, null, '01', 1, '122132', '0', '397ec94e54de4ca883802885307c3f2e', '94440c737ca3482f8caac3c5cb94e53b');
insert into TRAN_LIST (PRODUCT_ID, PRODUCT_NAME, MER_NO, MER_NAME, ACTIVITY_ID, ACTIVITY_NAME, INTEGRAL_VALUE, ORG_ID, P_ORG_ID, ORG_NAME, P_ORG_NAME, CUSTOMER_NAME, CUSTOMER_PHONE, USER_ID, USER_NAME, CUSTOMER_CARD_NO, MER_NO_POS, MER_NAME_POS, TRAN_DATE, TRAN_TIME, TERMINAL_NO, TRAN_STATE, BANK_NAME, CARD_TYPE, CART_VALIDITY, SYS_REFERENCE, AUTH_NO, TRACE_NO, BILL_NO, BATCH_NO, TRAN_WAY, CASH_NO, STATE, TRAN_COUNT, CERTIFICATE_NO, CERTIFICATE_TYPE, TRAN_ID, OLD_TRAN_ID)
values ('111111', '测试', '111111111111111', '测试商户', 'nomal', 'nomal', 1, '000001', '000', '中国银行苏州分行营业部', '中国银行苏州分行', '99', '12345678912', '1', '管理员', '6216696101000033739', '104320582200018', null, '20181030', '154110', '32942385', '00', null, '01', '2509', '830338235165', null, '000262', '000042', '000004', null, null, '02', 1, '9887', '0', '05ceadf4de0544fcab5e6d377359578f', null);
insert into TRAN_LIST (PRODUCT_ID, PRODUCT_NAME, MER_NO, MER_NAME, ACTIVITY_ID, ACTIVITY_NAME, INTEGRAL_VALUE, ORG_ID, P_ORG_ID, ORG_NAME, P_ORG_NAME, CUSTOMER_NAME, CUSTOMER_PHONE, USER_ID, USER_NAME, CUSTOMER_CARD_NO, MER_NO_POS, MER_NAME_POS, TRAN_DATE, TRAN_TIME, TERMINAL_NO, TRAN_STATE, BANK_NAME, CARD_TYPE, CART_VALIDITY, SYS_REFERENCE, AUTH_NO, TRACE_NO, BILL_NO, BATCH_NO, TRAN_WAY, CASH_NO, STATE, TRAN_COUNT, CERTIFICATE_NO, CERTIFICATE_TYPE, TRAN_ID, OLD_TRAN_ID)
values ('111111', '测试', '111111111111111', '测试商户', 'nomal', 'nomal', 1, '000001', '000', '中国银行苏州分行营业部', '中国银行苏州分行', '99', '12345678912', '1', '管理员', '6216696101000033739', '104320582200018', null, '20181030', '154110', '32942385', '00', null, '01', '2509', '830338235165', null, '000262', '000042', '000004', null, null, '01', 1, '9887', '0', '196589d855e649c1ab68819c6daf16ee', '05ceadf4de0544fcab5e6d377359578f');
insert into TRAN_LIST (PRODUCT_ID, PRODUCT_NAME, MER_NO, MER_NAME, ACTIVITY_ID, ACTIVITY_NAME, INTEGRAL_VALUE, ORG_ID, P_ORG_ID, ORG_NAME, P_ORG_NAME, CUSTOMER_NAME, CUSTOMER_PHONE, USER_ID, USER_NAME, CUSTOMER_CARD_NO, MER_NO_POS, MER_NAME_POS, TRAN_DATE, TRAN_TIME, TERMINAL_NO, TRAN_STATE, BANK_NAME, CARD_TYPE, CART_VALIDITY, SYS_REFERENCE, AUTH_NO, TRACE_NO, BILL_NO, BATCH_NO, TRAN_WAY, CASH_NO, STATE, TRAN_COUNT, CERTIFICATE_NO, CERTIFICATE_TYPE, TRAN_ID, OLD_TRAN_ID)
values ('111111', '测试', '111111111111111', '测试商户', 'nomal', 'nomal', 1, '000001', '000', '中国银行苏州分行营业部', '中国银行苏州分行', '彭测试', '12345678912', '1', '管理员', null, '104320582200018', null, '20181030', '154723', '32942385', '00', null, '01', '2509', '830370233170', null, '000268', '000044', '000004', null, null, '02', 1, '123122', '0', '762dc973898745a4b68ebb35e8d47ff0', null);
insert into TRAN_LIST (PRODUCT_ID, PRODUCT_NAME, MER_NO, MER_NAME, ACTIVITY_ID, ACTIVITY_NAME, INTEGRAL_VALUE, ORG_ID, P_ORG_ID, ORG_NAME, P_ORG_NAME, CUSTOMER_NAME, CUSTOMER_PHONE, USER_ID, USER_NAME, CUSTOMER_CARD_NO, MER_NO_POS, MER_NAME_POS, TRAN_DATE, TRAN_TIME, TERMINAL_NO, TRAN_STATE, BANK_NAME, CARD_TYPE, CART_VALIDITY, SYS_REFERENCE, AUTH_NO, TRACE_NO, BILL_NO, BATCH_NO, TRAN_WAY, CASH_NO, STATE, TRAN_COUNT, CERTIFICATE_NO, CERTIFICATE_TYPE, TRAN_ID, OLD_TRAN_ID)
values ('111111', '测试', '111111111111111', '测试商户', 'nomal', 'nomal', 1, '000001', '000', '中国银行苏州分行营业部', '中国银行苏州分行', '彭测试', '12345678912', '1', '管理员', null, '104320582200018', null, '20181030', '154723', '32942385', '00', null, '01', '2509', '830370233170', null, '000268', '000044', '000004', null, null, '01', 1, '123122', '0', '20d6b3df6dfc4c5ea0eba5bebe9fa862', '762dc973898745a4b68ebb35e8d47ff0');
insert into TRAN_LIST (PRODUCT_ID, PRODUCT_NAME, MER_NO, MER_NAME, ACTIVITY_ID, ACTIVITY_NAME, INTEGRAL_VALUE, ORG_ID, P_ORG_ID, ORG_NAME, P_ORG_NAME, CUSTOMER_NAME, CUSTOMER_PHONE, USER_ID, USER_NAME, CUSTOMER_CARD_NO, MER_NO_POS, MER_NAME_POS, TRAN_DATE, TRAN_TIME, TERMINAL_NO, TRAN_STATE, BANK_NAME, CARD_TYPE, CART_VALIDITY, SYS_REFERENCE, AUTH_NO, TRACE_NO, BILL_NO, BATCH_NO, TRAN_WAY, CASH_NO, STATE, TRAN_COUNT, CERTIFICATE_NO, CERTIFICATE_TYPE, TRAN_ID, OLD_TRAN_ID)
values ('7890BCA8614D364BE055000000000001', '帽子', '111111111111112', '优惠商户', '10000000523', '活动1', 1, '000001', '000', '中国银行苏州分行营业部', '中国银行苏州分行', '123', '12345678912', '1', '管理员', null, null, null, '20181030', '170149', null, '01', null, null, null, null, null, null, null, null, null, null, '00', 1, '123123', '0', '5997c1a3edeb451389469562722a54cb', null);
insert into TRAN_LIST (PRODUCT_ID, PRODUCT_NAME, MER_NO, MER_NAME, ACTIVITY_ID, ACTIVITY_NAME, INTEGRAL_VALUE, ORG_ID, P_ORG_ID, ORG_NAME, P_ORG_NAME, CUSTOMER_NAME, CUSTOMER_PHONE, USER_ID, USER_NAME, CUSTOMER_CARD_NO, MER_NO_POS, MER_NAME_POS, TRAN_DATE, TRAN_TIME, TERMINAL_NO, TRAN_STATE, BANK_NAME, CARD_TYPE, CART_VALIDITY, SYS_REFERENCE, AUTH_NO, TRACE_NO, BILL_NO, BATCH_NO, TRAN_WAY, CASH_NO, STATE, TRAN_COUNT, CERTIFICATE_NO, CERTIFICATE_TYPE, TRAN_ID, OLD_TRAN_ID)
values ('788C3EF6EFBF0BDDE055000000000001', '测试商品2', '222222222222222', '测试尊享商户', '10000000542', '鹏活动测测试', 1, '000001', '000', '中国银行苏州分行营业部', '中国银行苏州分行', '123', '12345678912', '1', '管理员', null, null, null, '20181030', '171644', null, '01', null, null, null, null, null, null, null, null, null, null, '00', 1, '123123', '0', '04b4836700dd4a46b68cdfc97011b968', null);
insert into TRAN_LIST (PRODUCT_ID, PRODUCT_NAME, MER_NO, MER_NAME, ACTIVITY_ID, ACTIVITY_NAME, INTEGRAL_VALUE, ORG_ID, P_ORG_ID, ORG_NAME, P_ORG_NAME, CUSTOMER_NAME, CUSTOMER_PHONE, USER_ID, USER_NAME, CUSTOMER_CARD_NO, MER_NO_POS, MER_NAME_POS, TRAN_DATE, TRAN_TIME, TERMINAL_NO, TRAN_STATE, BANK_NAME, CARD_TYPE, CART_VALIDITY, SYS_REFERENCE, AUTH_NO, TRACE_NO, BILL_NO, BATCH_NO, TRAN_WAY, CASH_NO, STATE, TRAN_COUNT, CERTIFICATE_NO, CERTIFICATE_TYPE, TRAN_ID, OLD_TRAN_ID)
values ('788C3EF6EFBF0BDDE055000000000001', '测试商品2', '222222222222222', '测试尊享商户', '10000000542', '鹏活动测测试', 1, '000001', '000', '中国银行苏州分行营业部', '中国银行苏州分行', '123', '12345678912', '1', '管理员', '6216696101000033739', '104320582200018', null, '20181030', '171759', '32942385', '00', null, '01', '2509', '830376234979', null, '000296', '000046', '000004', null, null, '02', 1, '123123', '0', 'e470ae8a5be7459ab4564fb22524ec91', null);
insert into TRAN_LIST (PRODUCT_ID, PRODUCT_NAME, MER_NO, MER_NAME, ACTIVITY_ID, ACTIVITY_NAME, INTEGRAL_VALUE, ORG_ID, P_ORG_ID, ORG_NAME, P_ORG_NAME, CUSTOMER_NAME, CUSTOMER_PHONE, USER_ID, USER_NAME, CUSTOMER_CARD_NO, MER_NO_POS, MER_NAME_POS, TRAN_DATE, TRAN_TIME, TERMINAL_NO, TRAN_STATE, BANK_NAME, CARD_TYPE, CART_VALIDITY, SYS_REFERENCE, AUTH_NO, TRACE_NO, BILL_NO, BATCH_NO, TRAN_WAY, CASH_NO, STATE, TRAN_COUNT, CERTIFICATE_NO, CERTIFICATE_TYPE, TRAN_ID, OLD_TRAN_ID)
values ('788C3EF6EFBF0BDDE055000000000001', '测试商品2', '222222222222222', '测试尊享商户', '10000000542', '鹏活动测测试', 1, '000001', '000', '中国银行苏州分行营业部', '中国银行苏州分行', '123', '12345678912', '1', '管理员', '6216696101000033739', '104320582200018', null, '20181030', '171759', '32942385', '00', null, '01', '2509', '830376234979', null, '000296', '000046', '000004', null, null, '01', 1, '123123', '0', 'd41155be90c94d89a7af6cd48d4e5870', 'e470ae8a5be7459ab4564fb22524ec91');
insert into TRAN_LIST (PRODUCT_ID, PRODUCT_NAME, MER_NO, MER_NAME, ACTIVITY_ID, ACTIVITY_NAME, INTEGRAL_VALUE, ORG_ID, P_ORG_ID, ORG_NAME, P_ORG_NAME, CUSTOMER_NAME, CUSTOMER_PHONE, USER_ID, USER_NAME, CUSTOMER_CARD_NO, MER_NO_POS, MER_NAME_POS, TRAN_DATE, TRAN_TIME, TERMINAL_NO, TRAN_STATE, BANK_NAME, CARD_TYPE, CART_VALIDITY, SYS_REFERENCE, AUTH_NO, TRACE_NO, BILL_NO, BATCH_NO, TRAN_WAY, CASH_NO, STATE, TRAN_COUNT, CERTIFICATE_NO, CERTIFICATE_TYPE, TRAN_ID, OLD_TRAN_ID)
values ('111111', '测试', '111111111111111', '测试商户', 'nomal', 'nomal', 1, '000001', '000', '中国银行苏州分行营业部', '中国银行苏州分行', '汪汪队', '12345678912', '1', '管理员', '6216696101000033739', '104320582200018', null, '20181031', '152837', '32942385', '00', null, '01', '2509', '830476247787', null, '000362', '000053', '000005', null, null, '02', 1, '7777777777777777', '0', '9917c87aa2cf4bb999f57ccb6ff183a0', null);
insert into TRAN_LIST (PRODUCT_ID, PRODUCT_NAME, MER_NO, MER_NAME, ACTIVITY_ID, ACTIVITY_NAME, INTEGRAL_VALUE, ORG_ID, P_ORG_ID, ORG_NAME, P_ORG_NAME, CUSTOMER_NAME, CUSTOMER_PHONE, USER_ID, USER_NAME, CUSTOMER_CARD_NO, MER_NO_POS, MER_NAME_POS, TRAN_DATE, TRAN_TIME, TERMINAL_NO, TRAN_STATE, BANK_NAME, CARD_TYPE, CART_VALIDITY, SYS_REFERENCE, AUTH_NO, TRACE_NO, BILL_NO, BATCH_NO, TRAN_WAY, CASH_NO, STATE, TRAN_COUNT, CERTIFICATE_NO, CERTIFICATE_TYPE, TRAN_ID, OLD_TRAN_ID)
values ('798183C7774D2A1EE055000000000001', '车通卡car', '104300000000000', '中银保险', 'nomal', 'nomal', 2, '000001', '000', '中国银行苏州分行营业部', '中国银行苏州分行', '汪汪队', '12345678912', '1', '管理员', '6216696101000033739', '104320582200018', null, '20181031', '152837', '32942385', '00', null, '01', '2509', '830476247787', null, '000362', '000053', '000005', null, null, '02', 1, '7777777777777777', '0', '9917c87aa2cf4bb999f57ccb6ff183a0', null);
insert into TRAN_LIST (PRODUCT_ID, PRODUCT_NAME, MER_NO, MER_NAME, ACTIVITY_ID, ACTIVITY_NAME, INTEGRAL_VALUE, ORG_ID, P_ORG_ID, ORG_NAME, P_ORG_NAME, CUSTOMER_NAME, CUSTOMER_PHONE, USER_ID, USER_NAME, CUSTOMER_CARD_NO, MER_NO_POS, MER_NAME_POS, TRAN_DATE, TRAN_TIME, TERMINAL_NO, TRAN_STATE, BANK_NAME, CARD_TYPE, CART_VALIDITY, SYS_REFERENCE, AUTH_NO, TRACE_NO, BILL_NO, BATCH_NO, TRAN_WAY, CASH_NO, STATE, TRAN_COUNT, CERTIFICATE_NO, CERTIFICATE_TYPE, TRAN_ID, OLD_TRAN_ID)
values ('111111', '测试', '111111111111111', '测试商户', 'nomal', 'nomal', 1, '000001', '000', '中国银行苏州分行营业部', '中国银行苏州分行', '汪汪队', '12345678912', '1', '管理员', '6216696101000033739', '104320582200018', null, '20181031', '152837', '32942385', '01', null, '01', '2509', '830476247787', null, '000362', null, '000005', null, null, '01', 1, '7777777777777777', '0', '61b492c72cfe452f92a760505ef17fbe', '9917c87aa2cf4bb999f57ccb6ff183a0');
insert into TRAN_LIST (PRODUCT_ID, PRODUCT_NAME, MER_NO, MER_NAME, ACTIVITY_ID, ACTIVITY_NAME, INTEGRAL_VALUE, ORG_ID, P_ORG_ID, ORG_NAME, P_ORG_NAME, CUSTOMER_NAME, CUSTOMER_PHONE, USER_ID, USER_NAME, CUSTOMER_CARD_NO, MER_NO_POS, MER_NAME_POS, TRAN_DATE, TRAN_TIME, TERMINAL_NO, TRAN_STATE, BANK_NAME, CARD_TYPE, CART_VALIDITY, SYS_REFERENCE, AUTH_NO, TRACE_NO, BILL_NO, BATCH_NO, TRAN_WAY, CASH_NO, STATE, TRAN_COUNT, CERTIFICATE_NO, CERTIFICATE_TYPE, TRAN_ID, OLD_TRAN_ID)
values ('798183C7774D2A1EE055000000000001', '车通卡car', '104300000000000', '中银保险', 'nomal', 'nomal', 2, '000001', '000', '中国银行苏州分行营业部', '中国银行苏州分行', '汪汪队', '12345678912', '1', '管理员', '6216696101000033739', '104320582200018', null, '20181031', '152837', '32942385', '01', null, '01', '2509', '830476247787', null, '000362', null, '000005', null, null, '01', 1, '7777777777777777', '0', '61b492c72cfe452f92a760505ef17fbe', '9917c87aa2cf4bb999f57ccb6ff183a0');
insert into TRAN_LIST (PRODUCT_ID, PRODUCT_NAME, MER_NO, MER_NAME, ACTIVITY_ID, ACTIVITY_NAME, INTEGRAL_VALUE, ORG_ID, P_ORG_ID, ORG_NAME, P_ORG_NAME, CUSTOMER_NAME, CUSTOMER_PHONE, USER_ID, USER_NAME, CUSTOMER_CARD_NO, MER_NO_POS, MER_NAME_POS, TRAN_DATE, TRAN_TIME, TERMINAL_NO, TRAN_STATE, BANK_NAME, CARD_TYPE, CART_VALIDITY, SYS_REFERENCE, AUTH_NO, TRACE_NO, BILL_NO, BATCH_NO, TRAN_WAY, CASH_NO, STATE, TRAN_COUNT, CERTIFICATE_NO, CERTIFICATE_TYPE, TRAN_ID, OLD_TRAN_ID)
values ('111111', '测试', '111111111111111', '测试商户', 'nomal', 'nomal', 1, '000001', '000', '中国银行苏州分行营业部', '中国银行苏州分行', '汪汪队', '12345678912', '1', '管理员', '6216696101000033739', '104320582200018', null, '20181031', '034010', '32942385', '00', null, '01', '2509', '830476247787', null, '000362', '000053', '000005', null, null, '01', 1, '7777777777777777', '0', '266829aa70354a3caa752fc2e8273586', '9917c87aa2cf4bb999f57ccb6ff183a0');
insert into TRAN_LIST (PRODUCT_ID, PRODUCT_NAME, MER_NO, MER_NAME, ACTIVITY_ID, ACTIVITY_NAME, INTEGRAL_VALUE, ORG_ID, P_ORG_ID, ORG_NAME, P_ORG_NAME, CUSTOMER_NAME, CUSTOMER_PHONE, USER_ID, USER_NAME, CUSTOMER_CARD_NO, MER_NO_POS, MER_NAME_POS, TRAN_DATE, TRAN_TIME, TERMINAL_NO, TRAN_STATE, BANK_NAME, CARD_TYPE, CART_VALIDITY, SYS_REFERENCE, AUTH_NO, TRACE_NO, BILL_NO, BATCH_NO, TRAN_WAY, CASH_NO, STATE, TRAN_COUNT, CERTIFICATE_NO, CERTIFICATE_TYPE, TRAN_ID, OLD_TRAN_ID)
values ('798183C7774D2A1EE055000000000001', '车通卡car', '104300000000000', '中银保险', 'nomal', 'nomal', 2, '000001', '000', '中国银行苏州分行营业部', '中国银行苏州分行', '汪汪队', '12345678912', '1', '管理员', '6216696101000033739', '104320582200018', null, '20181031', '034010', '32942385', '00', null, '01', '2509', '830476247787', null, '000362', '000053', '000005', null, null, '01', 1, '7777777777777777', '0', '266829aa70354a3caa752fc2e8273586', '9917c87aa2cf4bb999f57ccb6ff183a0');
insert into TRAN_LIST (PRODUCT_ID, PRODUCT_NAME, MER_NO, MER_NAME, ACTIVITY_ID, ACTIVITY_NAME, INTEGRAL_VALUE, ORG_ID, P_ORG_ID, ORG_NAME, P_ORG_NAME, CUSTOMER_NAME, CUSTOMER_PHONE, USER_ID, USER_NAME, CUSTOMER_CARD_NO, MER_NO_POS, MER_NAME_POS, TRAN_DATE, TRAN_TIME, TERMINAL_NO, TRAN_STATE, BANK_NAME, CARD_TYPE, CART_VALIDITY, SYS_REFERENCE, AUTH_NO, TRACE_NO, BILL_NO, BATCH_NO, TRAN_WAY, CASH_NO, STATE, TRAN_COUNT, CERTIFICATE_NO, CERTIFICATE_TYPE, TRAN_ID, OLD_TRAN_ID)
values ('7890BCA8614D364BE055000000000001', '帽子', '111111111111112', '优惠商户', '10000000523', '活动1', 1, '000001', '000', '中国银行苏州分行营业部', '中国银行苏州分行', '123', '12345678912', '1', '管理员', null, null, null, '20181031', '155426', null, null, null, null, null, null, null, null, null, null, null, null, '00', 1, '123123', '0', '4adc6fa111a74e4f9074959bef96f2c4', null);
insert into TRAN_LIST (PRODUCT_ID, PRODUCT_NAME, MER_NO, MER_NAME, ACTIVITY_ID, ACTIVITY_NAME, INTEGRAL_VALUE, ORG_ID, P_ORG_ID, ORG_NAME, P_ORG_NAME, CUSTOMER_NAME, CUSTOMER_PHONE, USER_ID, USER_NAME, CUSTOMER_CARD_NO, MER_NO_POS, MER_NAME_POS, TRAN_DATE, TRAN_TIME, TERMINAL_NO, TRAN_STATE, BANK_NAME, CARD_TYPE, CART_VALIDITY, SYS_REFERENCE, AUTH_NO, TRACE_NO, BILL_NO, BATCH_NO, TRAN_WAY, CASH_NO, STATE, TRAN_COUNT, CERTIFICATE_NO, CERTIFICATE_TYPE, TRAN_ID, OLD_TRAN_ID)
values ('798183C7774D2A1EE055000000000001', '车通卡car', '104300000000000', '中银保险', 'nomal', 'nomal', 2, '000001', '000', '中国银行苏州分行营业部', '中国银行苏州分行', 'admin', '23545455445', '1', '管理员', null, null, null, '20181107', '182935', null, '94', null, null, null, null, null, null, null, null, null, null, '00', 1, '455', '0', '7893d6bc0f044d38b12b311a3074a9a6', null);
insert into TRAN_LIST (PRODUCT_ID, PRODUCT_NAME, MER_NO, MER_NAME, ACTIVITY_ID, ACTIVITY_NAME, INTEGRAL_VALUE, ORG_ID, P_ORG_ID, ORG_NAME, P_ORG_NAME, CUSTOMER_NAME, CUSTOMER_PHONE, USER_ID, USER_NAME, CUSTOMER_CARD_NO, MER_NO_POS, MER_NAME_POS, TRAN_DATE, TRAN_TIME, TERMINAL_NO, TRAN_STATE, BANK_NAME, CARD_TYPE, CART_VALIDITY, SYS_REFERENCE, AUTH_NO, TRACE_NO, BILL_NO, BATCH_NO, TRAN_WAY, CASH_NO, STATE, TRAN_COUNT, CERTIFICATE_NO, CERTIFICATE_TYPE, TRAN_ID, OLD_TRAN_ID)
values ('798183C7774D2A1EE055000000000001', '车通卡car', '104300000000000', '中银保险', 'nomal', 'nomal', 2, '000001', '000', '中国银行苏州分行营业部', '中国银行苏州分行', '345', '56767889999', '1', '管理员', '6216696101000033739', '104320582200018', null, '20181107', '183032', '32942385', '00', null, '01', '2509', '831189947059', null, '000392', '000055', '000006', null, null, '02', 1, '7645444', '0', '00c308567b13491e82611d5bb241fec2', null);
insert into TRAN_LIST (PRODUCT_ID, PRODUCT_NAME, MER_NO, MER_NAME, ACTIVITY_ID, ACTIVITY_NAME, INTEGRAL_VALUE, ORG_ID, P_ORG_ID, ORG_NAME, P_ORG_NAME, CUSTOMER_NAME, CUSTOMER_PHONE, USER_ID, USER_NAME, CUSTOMER_CARD_NO, MER_NO_POS, MER_NAME_POS, TRAN_DATE, TRAN_TIME, TERMINAL_NO, TRAN_STATE, BANK_NAME, CARD_TYPE, CART_VALIDITY, SYS_REFERENCE, AUTH_NO, TRACE_NO, BILL_NO, BATCH_NO, TRAN_WAY, CASH_NO, STATE, TRAN_COUNT, CERTIFICATE_NO, CERTIFICATE_TYPE, TRAN_ID, OLD_TRAN_ID)
values ('798183C7774D2A1EE055000000000001', '车通卡car', '104300000000000', '中银保险', 'nomal', 'nomal', 2, '000001', '000', '中国银行苏州分行营业部', '中国银行苏州分行', '345', '56767889999', '1', '管理员', '6216696101000033739', '104320582200018', null, '20181107', '063154', '32942385', '00', null, '01', '2509', '831189947059', null, '000392', '000055', '000006', null, null, '01', 1, '7645444', '0', 'f1f54c8cadca42de9670dce4b4110faf', '00c308567b13491e82611d5bb241fec2');
insert into TRAN_LIST (PRODUCT_ID, PRODUCT_NAME, MER_NO, MER_NAME, ACTIVITY_ID, ACTIVITY_NAME, INTEGRAL_VALUE, ORG_ID, P_ORG_ID, ORG_NAME, P_ORG_NAME, CUSTOMER_NAME, CUSTOMER_PHONE, USER_ID, USER_NAME, CUSTOMER_CARD_NO, MER_NO_POS, MER_NAME_POS, TRAN_DATE, TRAN_TIME, TERMINAL_NO, TRAN_STATE, BANK_NAME, CARD_TYPE, CART_VALIDITY, SYS_REFERENCE, AUTH_NO, TRACE_NO, BILL_NO, BATCH_NO, TRAN_WAY, CASH_NO, STATE, TRAN_COUNT, CERTIFICATE_NO, CERTIFICATE_TYPE, TRAN_ID, OLD_TRAN_ID)
values ('111111', '测试', '111111111111111', '测试商户', 'nomal', 'nomal', 2, '000001', '000', '中国银行苏州分行营业部', '中国银行苏州分行', '辅导费', '13862091111', '1', '管理员', '6216696101000033739', '104320582200018', null, '20181108', '102720', '32942385', '00', null, '01', '2509', '831288964904', null, '000406', '000057', '000006', null, null, '02', 2, '320504566666666', '0', 'cd91e70e5b6b4121aa119e09d067d827', null);
insert into TRAN_LIST (PRODUCT_ID, PRODUCT_NAME, MER_NO, MER_NAME, ACTIVITY_ID, ACTIVITY_NAME, INTEGRAL_VALUE, ORG_ID, P_ORG_ID, ORG_NAME, P_ORG_NAME, CUSTOMER_NAME, CUSTOMER_PHONE, USER_ID, USER_NAME, CUSTOMER_CARD_NO, MER_NO_POS, MER_NAME_POS, TRAN_DATE, TRAN_TIME, TERMINAL_NO, TRAN_STATE, BANK_NAME, CARD_TYPE, CART_VALIDITY, SYS_REFERENCE, AUTH_NO, TRACE_NO, BILL_NO, BATCH_NO, TRAN_WAY, CASH_NO, STATE, TRAN_COUNT, CERTIFICATE_NO, CERTIFICATE_TYPE, TRAN_ID, OLD_TRAN_ID)
values ('798183C7774D2A1EE055000000000001', '车通卡car', '104300000000000', '中银保险', 'nomal', 'nomal', 2, '000001', '000', '中国银行苏州分行营业部', '中国银行苏州分行', '辅导费', '13862091111', '1', '管理员', '6216696101000033739', '104320582200018', null, '20181108', '102720', '32942385', '00', null, '01', '2509', '831288964904', null, '000406', '000057', '000006', null, null, '02', 1, '320504566666666', '0', 'cd91e70e5b6b4121aa119e09d067d827', null);
insert into TRAN_LIST (PRODUCT_ID, PRODUCT_NAME, MER_NO, MER_NAME, ACTIVITY_ID, ACTIVITY_NAME, INTEGRAL_VALUE, ORG_ID, P_ORG_ID, ORG_NAME, P_ORG_NAME, CUSTOMER_NAME, CUSTOMER_PHONE, USER_ID, USER_NAME, CUSTOMER_CARD_NO, MER_NO_POS, MER_NAME_POS, TRAN_DATE, TRAN_TIME, TERMINAL_NO, TRAN_STATE, BANK_NAME, CARD_TYPE, CART_VALIDITY, SYS_REFERENCE, AUTH_NO, TRACE_NO, BILL_NO, BATCH_NO, TRAN_WAY, CASH_NO, STATE, TRAN_COUNT, CERTIFICATE_NO, CERTIFICATE_TYPE, TRAN_ID, OLD_TRAN_ID)
values ('111111', '测试', '111111111111111', '测试商户', 'nomal', 'nomal', 2, '000001', '000', '中国银行苏州分行营业部', '中国银行苏州分行', '辅导费', '13862091111', '1', '管理员', '6216696101000033739', '104320582200018', null, '20181108', '102944', '32942385', '00', null, '01', '2509', '831288964904', null, '000406', '000057', '000006', null, null, '01', 2, '320504566666666', '0', '7a12006f0ad24384a8c61be6cb400916', 'cd91e70e5b6b4121aa119e09d067d827');
insert into TRAN_LIST (PRODUCT_ID, PRODUCT_NAME, MER_NO, MER_NAME, ACTIVITY_ID, ACTIVITY_NAME, INTEGRAL_VALUE, ORG_ID, P_ORG_ID, ORG_NAME, P_ORG_NAME, CUSTOMER_NAME, CUSTOMER_PHONE, USER_ID, USER_NAME, CUSTOMER_CARD_NO, MER_NO_POS, MER_NAME_POS, TRAN_DATE, TRAN_TIME, TERMINAL_NO, TRAN_STATE, BANK_NAME, CARD_TYPE, CART_VALIDITY, SYS_REFERENCE, AUTH_NO, TRACE_NO, BILL_NO, BATCH_NO, TRAN_WAY, CASH_NO, STATE, TRAN_COUNT, CERTIFICATE_NO, CERTIFICATE_TYPE, TRAN_ID, OLD_TRAN_ID)
values ('798183C7774D2A1EE055000000000001', '车通卡car', '104300000000000', '中银保险', 'nomal', 'nomal', 2, '000001', '000', '中国银行苏州分行营业部', '中国银行苏州分行', '辅导费', '13862091111', '1', '管理员', '6216696101000033739', '104320582200018', null, '20181108', '102944', '32942385', '00', null, '01', '2509', '831288964904', null, '000406', '000057', '000006', null, null, '01', 1, '320504566666666', '0', '7a12006f0ad24384a8c61be6cb400916', 'cd91e70e5b6b4121aa119e09d067d827');
insert into TRAN_LIST (PRODUCT_ID, PRODUCT_NAME, MER_NO, MER_NAME, ACTIVITY_ID, ACTIVITY_NAME, INTEGRAL_VALUE, ORG_ID, P_ORG_ID, ORG_NAME, P_ORG_NAME, CUSTOMER_NAME, CUSTOMER_PHONE, USER_ID, USER_NAME, CUSTOMER_CARD_NO, MER_NO_POS, MER_NAME_POS, TRAN_DATE, TRAN_TIME, TERMINAL_NO, TRAN_STATE, BANK_NAME, CARD_TYPE, CART_VALIDITY, SYS_REFERENCE, AUTH_NO, TRACE_NO, BILL_NO, BATCH_NO, TRAN_WAY, CASH_NO, STATE, TRAN_COUNT, CERTIFICATE_NO, CERTIFICATE_TYPE, TRAN_ID, OLD_TRAN_ID)
values ('788C3EF6EFC00BDDE055000000000001', '测试商品3', '222222222222222', '测试尊享商户', '10000000522', '测试活动', 1, '000001', '000', '中国银行苏州分行营业部', '中国银行苏州分行', '789', '12345678912', '1', '管理员', null, null, null, '20181019', '112915', null, '55', null, null, null, null, null, null, null, null, null, null, '00', 1, '789789', '6', '7d838a79612341c498b5d6ac6c5ccef9', null);
insert into TRAN_LIST (PRODUCT_ID, PRODUCT_NAME, MER_NO, MER_NAME, ACTIVITY_ID, ACTIVITY_NAME, INTEGRAL_VALUE, ORG_ID, P_ORG_ID, ORG_NAME, P_ORG_NAME, CUSTOMER_NAME, CUSTOMER_PHONE, USER_ID, USER_NAME, CUSTOMER_CARD_NO, MER_NO_POS, MER_NAME_POS, TRAN_DATE, TRAN_TIME, TERMINAL_NO, TRAN_STATE, BANK_NAME, CARD_TYPE, CART_VALIDITY, SYS_REFERENCE, AUTH_NO, TRACE_NO, BILL_NO, BATCH_NO, TRAN_WAY, CASH_NO, STATE, TRAN_COUNT, CERTIFICATE_NO, CERTIFICATE_TYPE, TRAN_ID, OLD_TRAN_ID)
values ('111111', '测试', '111111111111111', '测试商户', 'nomal', 'nomal', 1, '000001', '000', '中国银行苏州分行营业部', '中国银行苏州分行', '789', '12345678912', '1', '管理员', null, null, null, '20181019', '112915', null, '55', null, null, null, null, null, null, null, null, null, null, '00', 1, '789789', '6', '7d838a79612341c498b5d6ac6c5ccef9', null);
insert into TRAN_LIST (PRODUCT_ID, PRODUCT_NAME, MER_NO, MER_NAME, ACTIVITY_ID, ACTIVITY_NAME, INTEGRAL_VALUE, ORG_ID, P_ORG_ID, ORG_NAME, P_ORG_NAME, CUSTOMER_NAME, CUSTOMER_PHONE, USER_ID, USER_NAME, CUSTOMER_CARD_NO, MER_NO_POS, MER_NAME_POS, TRAN_DATE, TRAN_TIME, TERMINAL_NO, TRAN_STATE, BANK_NAME, CARD_TYPE, CART_VALIDITY, SYS_REFERENCE, AUTH_NO, TRACE_NO, BILL_NO, BATCH_NO, TRAN_WAY, CASH_NO, STATE, TRAN_COUNT, CERTIFICATE_NO, CERTIFICATE_TYPE, TRAN_ID, OLD_TRAN_ID)
values ('788C3EF6EFBE0BDDE055000000000001', '测试商品1', '222222222222222', '测试尊享商户', '10000000522', '测试活动', 1, '000001', '000', '中国银行苏州分行营业部', '中国银行苏州分行', '789', '12345678912', '1', '管理员', null, null, null, '20181019', '112915', null, '55', null, null, null, null, null, null, null, null, null, null, '00', 1, '789789', '6', '7d838a79612341c498b5d6ac6c5ccef9', null);
insert into TRAN_LIST (PRODUCT_ID, PRODUCT_NAME, MER_NO, MER_NAME, ACTIVITY_ID, ACTIVITY_NAME, INTEGRAL_VALUE, ORG_ID, P_ORG_ID, ORG_NAME, P_ORG_NAME, CUSTOMER_NAME, CUSTOMER_PHONE, USER_ID, USER_NAME, CUSTOMER_CARD_NO, MER_NO_POS, MER_NAME_POS, TRAN_DATE, TRAN_TIME, TERMINAL_NO, TRAN_STATE, BANK_NAME, CARD_TYPE, CART_VALIDITY, SYS_REFERENCE, AUTH_NO, TRACE_NO, BILL_NO, BATCH_NO, TRAN_WAY, CASH_NO, STATE, TRAN_COUNT, CERTIFICATE_NO, CERTIFICATE_TYPE, TRAN_ID, OLD_TRAN_ID)
values ('788C3EF6EFC00BDDE055000000000001', '测试商品3', '222222222222222', '测试尊享商户', '10000000522', '测试活动', 1, '000001', '000', '中国银行苏州分行营业部', '中国银行苏州分行', '789', '12345678912', '1', '管理员', '6013826101041852935', '104320582200018', null, '20181019', '113234', '32942385', '00', null, '01', '2602', '829297438250', null, '000062', '000005', '000002', null, null, '02', 1, '789789', '6', '98eb9b9302e0435b8dc45c0904afc91a', null);
insert into TRAN_LIST (PRODUCT_ID, PRODUCT_NAME, MER_NO, MER_NAME, ACTIVITY_ID, ACTIVITY_NAME, INTEGRAL_VALUE, ORG_ID, P_ORG_ID, ORG_NAME, P_ORG_NAME, CUSTOMER_NAME, CUSTOMER_PHONE, USER_ID, USER_NAME, CUSTOMER_CARD_NO, MER_NO_POS, MER_NAME_POS, TRAN_DATE, TRAN_TIME, TERMINAL_NO, TRAN_STATE, BANK_NAME, CARD_TYPE, CART_VALIDITY, SYS_REFERENCE, AUTH_NO, TRACE_NO, BILL_NO, BATCH_NO, TRAN_WAY, CASH_NO, STATE, TRAN_COUNT, CERTIFICATE_NO, CERTIFICATE_TYPE, TRAN_ID, OLD_TRAN_ID)
values ('788C3EF6EFBF0BDDE055000000000001', '测试商品2', '222222222222222', '测试尊享商户', '10000000522', '测试活动', 1, '000001', '000', '中国银行苏州分行营业部', '中国银行苏州分行', '789', '12345678912', '1', '管理员', '6013826101041852935', '104320582200018', null, '20181019', '113234', '32942385', '00', null, '01', '2602', '829297438250', null, '000062', '000005', '000002', null, null, '02', 1, '789789', '6', '98eb9b9302e0435b8dc45c0904afc91a', null);
insert into TRAN_LIST (PRODUCT_ID, PRODUCT_NAME, MER_NO, MER_NAME, ACTIVITY_ID, ACTIVITY_NAME, INTEGRAL_VALUE, ORG_ID, P_ORG_ID, ORG_NAME, P_ORG_NAME, CUSTOMER_NAME, CUSTOMER_PHONE, USER_ID, USER_NAME, CUSTOMER_CARD_NO, MER_NO_POS, MER_NAME_POS, TRAN_DATE, TRAN_TIME, TERMINAL_NO, TRAN_STATE, BANK_NAME, CARD_TYPE, CART_VALIDITY, SYS_REFERENCE, AUTH_NO, TRACE_NO, BILL_NO, BATCH_NO, TRAN_WAY, CASH_NO, STATE, TRAN_COUNT, CERTIFICATE_NO, CERTIFICATE_TYPE, TRAN_ID, OLD_TRAN_ID)
values ('788C3EF6EFBF0BDDE055000000000001', '测试商品2', '222222222222222', '测试尊享商户', '10000000522', '测试活动', 1, '000001', '000', '中国银行苏州分行营业部', '中国银行苏州分行', '789', '12345678912', '1', '管理员', '6013826101041852935', '104320582200018', null, '20181019', '113234', '32942385', '00', null, '01', '2602', '829297438250', null, '000062', '000005', '000002', null, null, '01', 1, '789789', '6', '8614dd3fd8fc4c35874732f6f5ad29f6', '98eb9b9302e0435b8dc45c0904afc91a');
insert into TRAN_LIST (PRODUCT_ID, PRODUCT_NAME, MER_NO, MER_NAME, ACTIVITY_ID, ACTIVITY_NAME, INTEGRAL_VALUE, ORG_ID, P_ORG_ID, ORG_NAME, P_ORG_NAME, CUSTOMER_NAME, CUSTOMER_PHONE, USER_ID, USER_NAME, CUSTOMER_CARD_NO, MER_NO_POS, MER_NAME_POS, TRAN_DATE, TRAN_TIME, TERMINAL_NO, TRAN_STATE, BANK_NAME, CARD_TYPE, CART_VALIDITY, SYS_REFERENCE, AUTH_NO, TRACE_NO, BILL_NO, BATCH_NO, TRAN_WAY, CASH_NO, STATE, TRAN_COUNT, CERTIFICATE_NO, CERTIFICATE_TYPE, TRAN_ID, OLD_TRAN_ID)
values ('788C3EF6EFC00BDDE055000000000001', '测试商品3', '222222222222222', '测试尊享商户', '10000000522', '测试活动', 1, '000001', '000', '中国银行苏州分行营业部', '中国银行苏州分行', '789', '12345678912', '1', '管理员', '6013826101041852935', '104320582200018', null, '20181019', '113234', '32942385', '00', null, '01', '2602', '829297438250', null, '000062', '000005', '000002', null, null, '01', 1, '789789', '6', '8614dd3fd8fc4c35874732f6f5ad29f6', '98eb9b9302e0435b8dc45c0904afc91a');
insert into TRAN_LIST (PRODUCT_ID, PRODUCT_NAME, MER_NO, MER_NAME, ACTIVITY_ID, ACTIVITY_NAME, INTEGRAL_VALUE, ORG_ID, P_ORG_ID, ORG_NAME, P_ORG_NAME, CUSTOMER_NAME, CUSTOMER_PHONE, USER_ID, USER_NAME, CUSTOMER_CARD_NO, MER_NO_POS, MER_NAME_POS, TRAN_DATE, TRAN_TIME, TERMINAL_NO, TRAN_STATE, BANK_NAME, CARD_TYPE, CART_VALIDITY, SYS_REFERENCE, AUTH_NO, TRACE_NO, BILL_NO, BATCH_NO, TRAN_WAY, CASH_NO, STATE, TRAN_COUNT, CERTIFICATE_NO, CERTIFICATE_TYPE, TRAN_ID, OLD_TRAN_ID)
values ('788C3EF6EFBE0BDDE055000000000001', '测试商品1', '222222222222222', '测试尊享商户', '10000000522', '测试活动', 1, '000001', '000', '中国银行苏州分行营业部', '中国银行苏州分行', '123', '12345678912', '1', '管理员', null, '104320582200018', null, '20181019', '115128', '32942385', '00', null, '01', '2602', '829298413279', null, '000070', '000007', '000002', null, null, '02', 1, '123123', '0', '03caf4fefb4f4c6d9c7ef43c08642c04', null);
insert into TRAN_LIST (PRODUCT_ID, PRODUCT_NAME, MER_NO, MER_NAME, ACTIVITY_ID, ACTIVITY_NAME, INTEGRAL_VALUE, ORG_ID, P_ORG_ID, ORG_NAME, P_ORG_NAME, CUSTOMER_NAME, CUSTOMER_PHONE, USER_ID, USER_NAME, CUSTOMER_CARD_NO, MER_NO_POS, MER_NAME_POS, TRAN_DATE, TRAN_TIME, TERMINAL_NO, TRAN_STATE, BANK_NAME, CARD_TYPE, CART_VALIDITY, SYS_REFERENCE, AUTH_NO, TRACE_NO, BILL_NO, BATCH_NO, TRAN_WAY, CASH_NO, STATE, TRAN_COUNT, CERTIFICATE_NO, CERTIFICATE_TYPE, TRAN_ID, OLD_TRAN_ID)
values ('788C3EF6EFBE0BDDE055000000000001', '测试商品1', '222222222222222', '测试尊享商户', '10000000522', '测试活动', 1, '000001', '000', '中国银行苏州分行营业部', '中国银行苏州分行', '123', '12345678912', '1', '管理员', null, '104320582200018', null, '20181019', '115426', '32942385', '00', null, '01', '2602', '829299455912', null, '000075', '000008', '000002', null, null, '02', 1, '123123', '0', '156c88809f8e42b9bcb7447b22a1af32', null);
insert into TRAN_LIST (PRODUCT_ID, PRODUCT_NAME, MER_NO, MER_NAME, ACTIVITY_ID, ACTIVITY_NAME, INTEGRAL_VALUE, ORG_ID, P_ORG_ID, ORG_NAME, P_ORG_NAME, CUSTOMER_NAME, CUSTOMER_PHONE, USER_ID, USER_NAME, CUSTOMER_CARD_NO, MER_NO_POS, MER_NAME_POS, TRAN_DATE, TRAN_TIME, TERMINAL_NO, TRAN_STATE, BANK_NAME, CARD_TYPE, CART_VALIDITY, SYS_REFERENCE, AUTH_NO, TRACE_NO, BILL_NO, BATCH_NO, TRAN_WAY, CASH_NO, STATE, TRAN_COUNT, CERTIFICATE_NO, CERTIFICATE_TYPE, TRAN_ID, OLD_TRAN_ID)
values ('111111', '测试', '111111111111111', '测试商户', 'nomal', 'nomal', 1, '000001', '000', '中国银行苏州分行营业部', '中国银行苏州分行', '彭国伦', '12345678912', '1', '管理员', null, null, null, '20181030', '113744', null, '01', null, null, null, null, null, null, null, null, null, null, '00', 1, '1222121', '0', '0638972e71eb4d38be8bdd4954278bfa', null);
insert into TRAN_LIST (PRODUCT_ID, PRODUCT_NAME, MER_NO, MER_NAME, ACTIVITY_ID, ACTIVITY_NAME, INTEGRAL_VALUE, ORG_ID, P_ORG_ID, ORG_NAME, P_ORG_NAME, CUSTOMER_NAME, CUSTOMER_PHONE, USER_ID, USER_NAME, CUSTOMER_CARD_NO, MER_NO_POS, MER_NAME_POS, TRAN_DATE, TRAN_TIME, TERMINAL_NO, TRAN_STATE, BANK_NAME, CARD_TYPE, CART_VALIDITY, SYS_REFERENCE, AUTH_NO, TRACE_NO, BILL_NO, BATCH_NO, TRAN_WAY, CASH_NO, STATE, TRAN_COUNT, CERTIFICATE_NO, CERTIFICATE_TYPE, TRAN_ID, OLD_TRAN_ID)
values ('111111', '测试', '111111111111111', '测试商户', 'nomal', 'nomal', 1, '000001', '000', '中国银行苏州分行营业部', '中国银行苏州分行', 'pengguolun ', '12345678912', '1', '管理员', null, null, null, '20181030', '114701', null, '01', null, null, null, null, null, null, null, null, null, null, '00', 1, '13345424', '0', '6fa412b680df47dd9c07c320add1cc65', null);
insert into TRAN_LIST (PRODUCT_ID, PRODUCT_NAME, MER_NO, MER_NAME, ACTIVITY_ID, ACTIVITY_NAME, INTEGRAL_VALUE, ORG_ID, P_ORG_ID, ORG_NAME, P_ORG_NAME, CUSTOMER_NAME, CUSTOMER_PHONE, USER_ID, USER_NAME, CUSTOMER_CARD_NO, MER_NO_POS, MER_NAME_POS, TRAN_DATE, TRAN_TIME, TERMINAL_NO, TRAN_STATE, BANK_NAME, CARD_TYPE, CART_VALIDITY, SYS_REFERENCE, AUTH_NO, TRACE_NO, BILL_NO, BATCH_NO, TRAN_WAY, CASH_NO, STATE, TRAN_COUNT, CERTIFICATE_NO, CERTIFICATE_TYPE, TRAN_ID, OLD_TRAN_ID)
values ('111111', '测试', '111111111111111', '测试商户', 'nomal', 'nomal', 1, '000001', '000', '中国银行苏州分行营业部', '中国银行苏州分行', '123', '12345678912', '1', '管理员', null, null, null, '20181030', '115037', null, '01', null, null, null, null, null, null, null, null, null, null, '00', 1, '45565665', '0', '9d7b08a2e2da42a895287a0c5772d2bf', null);
insert into TRAN_LIST (PRODUCT_ID, PRODUCT_NAME, MER_NO, MER_NAME, ACTIVITY_ID, ACTIVITY_NAME, INTEGRAL_VALUE, ORG_ID, P_ORG_ID, ORG_NAME, P_ORG_NAME, CUSTOMER_NAME, CUSTOMER_PHONE, USER_ID, USER_NAME, CUSTOMER_CARD_NO, MER_NO_POS, MER_NAME_POS, TRAN_DATE, TRAN_TIME, TERMINAL_NO, TRAN_STATE, BANK_NAME, CARD_TYPE, CART_VALIDITY, SYS_REFERENCE, AUTH_NO, TRACE_NO, BILL_NO, BATCH_NO, TRAN_WAY, CASH_NO, STATE, TRAN_COUNT, CERTIFICATE_NO, CERTIFICATE_TYPE, TRAN_ID, OLD_TRAN_ID)
values ('788C3EF6EFBF0BDDE055000000000001', '测试商品2', '222222222222222', '测试尊享商户', '10000000542', '鹏活动测测试', 1, '000001', '000', '中国银行苏州分行营业部', '中国银行苏州分行', '123', '12345678912', '1', '管理员', null, null, null, '20181030', '173458', null, null, null, null, null, null, null, null, null, null, null, null, '00', 1, '123123', '0', '6aee325597b648cc9d75fe415908f886', null);
insert into TRAN_LIST (PRODUCT_ID, PRODUCT_NAME, MER_NO, MER_NAME, ACTIVITY_ID, ACTIVITY_NAME, INTEGRAL_VALUE, ORG_ID, P_ORG_ID, ORG_NAME, P_ORG_NAME, CUSTOMER_NAME, CUSTOMER_PHONE, USER_ID, USER_NAME, CUSTOMER_CARD_NO, MER_NO_POS, MER_NAME_POS, TRAN_DATE, TRAN_TIME, TERMINAL_NO, TRAN_STATE, BANK_NAME, CARD_TYPE, CART_VALIDITY, SYS_REFERENCE, AUTH_NO, TRACE_NO, BILL_NO, BATCH_NO, TRAN_WAY, CASH_NO, STATE, TRAN_COUNT, CERTIFICATE_NO, CERTIFICATE_TYPE, TRAN_ID, OLD_TRAN_ID)
values ('788C3EF6EFBF0BDDE055000000000001', '测试商品2', '222222222222222', '测试尊享商户', '10000000542', '鹏活动测测试', 1, '000001', '000', '中国银行苏州分行营业部', '中国银行苏州分行', '123', '12345678912', '1', '管理员', null, null, null, '20181030', '173646', null, null, null, null, null, null, null, null, null, null, null, null, '00', 1, '123123', '0', 'd73501eee86641d3a7bd120c143dbdbc', null);
insert into TRAN_LIST (PRODUCT_ID, PRODUCT_NAME, MER_NO, MER_NAME, ACTIVITY_ID, ACTIVITY_NAME, INTEGRAL_VALUE, ORG_ID, P_ORG_ID, ORG_NAME, P_ORG_NAME, CUSTOMER_NAME, CUSTOMER_PHONE, USER_ID, USER_NAME, CUSTOMER_CARD_NO, MER_NO_POS, MER_NAME_POS, TRAN_DATE, TRAN_TIME, TERMINAL_NO, TRAN_STATE, BANK_NAME, CARD_TYPE, CART_VALIDITY, SYS_REFERENCE, AUTH_NO, TRACE_NO, BILL_NO, BATCH_NO, TRAN_WAY, CASH_NO, STATE, TRAN_COUNT, CERTIFICATE_NO, CERTIFICATE_TYPE, TRAN_ID, OLD_TRAN_ID)
values ('788C3EF6EFBF0BDDE055000000000001', '测试商品2', '222222222222222', '测试尊享商户', '10000000542', '鹏活动测测试', 1, '000001', '000', '中国银行苏州分行营业部', '中国银行苏州分行', '123', '12345678912', '1', '管理员', '6216696101000033739', '104320582200018', null, '20181030', '173746', '32942385', '00', null, '01', '2509', '830375235519', null, '000306', '000048', '000004', null, null, '02', 1, '123123', '0', '25a370f37e274c04a04f9f6e9d292787', null);
insert into TRAN_LIST (PRODUCT_ID, PRODUCT_NAME, MER_NO, MER_NAME, ACTIVITY_ID, ACTIVITY_NAME, INTEGRAL_VALUE, ORG_ID, P_ORG_ID, ORG_NAME, P_ORG_NAME, CUSTOMER_NAME, CUSTOMER_PHONE, USER_ID, USER_NAME, CUSTOMER_CARD_NO, MER_NO_POS, MER_NAME_POS, TRAN_DATE, TRAN_TIME, TERMINAL_NO, TRAN_STATE, BANK_NAME, CARD_TYPE, CART_VALIDITY, SYS_REFERENCE, AUTH_NO, TRACE_NO, BILL_NO, BATCH_NO, TRAN_WAY, CASH_NO, STATE, TRAN_COUNT, CERTIFICATE_NO, CERTIFICATE_TYPE, TRAN_ID, OLD_TRAN_ID)
values ('788C3EF6EFBF0BDDE055000000000001', '测试商品2', '222222222222222', '测试尊享商户', '10000000542', '鹏活动测测试', 1, '000001', '000', '中国银行苏州分行营业部', '中国银行苏州分行', '123', '12345678912', '1', '管理员', '6216696101000033739', '104320582200018', null, '20181030', '173746', '32942385', null, null, '01', '2509', '830375235519', null, '000306', '000048', '000004', null, null, '01', 1, '123123', '0', '5f533e7502a64d5ab07327f261f2a023', '25a370f37e274c04a04f9f6e9d292787');
insert into TRAN_LIST (PRODUCT_ID, PRODUCT_NAME, MER_NO, MER_NAME, ACTIVITY_ID, ACTIVITY_NAME, INTEGRAL_VALUE, ORG_ID, P_ORG_ID, ORG_NAME, P_ORG_NAME, CUSTOMER_NAME, CUSTOMER_PHONE, USER_ID, USER_NAME, CUSTOMER_CARD_NO, MER_NO_POS, MER_NAME_POS, TRAN_DATE, TRAN_TIME, TERMINAL_NO, TRAN_STATE, BANK_NAME, CARD_TYPE, CART_VALIDITY, SYS_REFERENCE, AUTH_NO, TRACE_NO, BILL_NO, BATCH_NO, TRAN_WAY, CASH_NO, STATE, TRAN_COUNT, CERTIFICATE_NO, CERTIFICATE_TYPE, TRAN_ID, OLD_TRAN_ID)
values ('788C3EF6EFBF0BDDE055000000000001', '测试商品2', '222222222222222', '测试尊享商户', '10000000542', '鹏活动测测试', 1, '000001', '000', '中国银行苏州分行营业部', '中国银行苏州分行', '123', '12345678912', '1', '管理员', '6216696101000033739', '104320582200018', null, '20181030', '173746', '32942385', '01', null, '01', '2509', '830375235519', null, '000306', null, '000004', null, null, '01', 1, '123123', '0', 'f217031f391b40fabcc6945d7adeeabe', '25a370f37e274c04a04f9f6e9d292787');
insert into TRAN_LIST (PRODUCT_ID, PRODUCT_NAME, MER_NO, MER_NAME, ACTIVITY_ID, ACTIVITY_NAME, INTEGRAL_VALUE, ORG_ID, P_ORG_ID, ORG_NAME, P_ORG_NAME, CUSTOMER_NAME, CUSTOMER_PHONE, USER_ID, USER_NAME, CUSTOMER_CARD_NO, MER_NO_POS, MER_NAME_POS, TRAN_DATE, TRAN_TIME, TERMINAL_NO, TRAN_STATE, BANK_NAME, CARD_TYPE, CART_VALIDITY, SYS_REFERENCE, AUTH_NO, TRACE_NO, BILL_NO, BATCH_NO, TRAN_WAY, CASH_NO, STATE, TRAN_COUNT, CERTIFICATE_NO, CERTIFICATE_TYPE, TRAN_ID, OLD_TRAN_ID)
values ('788C3EF6EFBF0BDDE055000000000001', '测试商品2', '222222222222222', '测试尊享商户', '10000000542', '鹏活动测测试', 1, '000001', '000', '中国银行苏州分行营业部', '中国银行苏州分行', '123', '12345678912', '1', '管理员', '6216696101000033739', '104320582200018', null, '20181030', '173746', '32942385', '00', null, '01', '2509', '830375235519', null, '000306', '000048', '000004', null, null, '01', 1, '123123', '0', '940fa0902682431ea1db667a5c7eec12', '25a370f37e274c04a04f9f6e9d292787');
insert into TRAN_LIST (PRODUCT_ID, PRODUCT_NAME, MER_NO, MER_NAME, ACTIVITY_ID, ACTIVITY_NAME, INTEGRAL_VALUE, ORG_ID, P_ORG_ID, ORG_NAME, P_ORG_NAME, CUSTOMER_NAME, CUSTOMER_PHONE, USER_ID, USER_NAME, CUSTOMER_CARD_NO, MER_NO_POS, MER_NAME_POS, TRAN_DATE, TRAN_TIME, TERMINAL_NO, TRAN_STATE, BANK_NAME, CARD_TYPE, CART_VALIDITY, SYS_REFERENCE, AUTH_NO, TRACE_NO, BILL_NO, BATCH_NO, TRAN_WAY, CASH_NO, STATE, TRAN_COUNT, CERTIFICATE_NO, CERTIFICATE_TYPE, TRAN_ID, OLD_TRAN_ID)
values ('788C3EF6EFBF0BDDE055000000000001', '测试商品2', '222222222222222', '测试尊享商户', '10000000542', '鹏活动测测试', 1, '000001', '000', '中国银行苏州分行营业部', '中国银行苏州分行', '123', '12345678912', '1', '管理员', null, null, null, '20181030', '175810', null, '01', null, null, null, null, null, null, null, null, null, null, '00', 1, '123123', '0', 'd98df947289a43f6a9f5b64b861fb9e1', null);
insert into TRAN_LIST (PRODUCT_ID, PRODUCT_NAME, MER_NO, MER_NAME, ACTIVITY_ID, ACTIVITY_NAME, INTEGRAL_VALUE, ORG_ID, P_ORG_ID, ORG_NAME, P_ORG_NAME, CUSTOMER_NAME, CUSTOMER_PHONE, USER_ID, USER_NAME, CUSTOMER_CARD_NO, MER_NO_POS, MER_NAME_POS, TRAN_DATE, TRAN_TIME, TERMINAL_NO, TRAN_STATE, BANK_NAME, CARD_TYPE, CART_VALIDITY, SYS_REFERENCE, AUTH_NO, TRACE_NO, BILL_NO, BATCH_NO, TRAN_WAY, CASH_NO, STATE, TRAN_COUNT, CERTIFICATE_NO, CERTIFICATE_TYPE, TRAN_ID, OLD_TRAN_ID)
values ('788C3EF6EFBF0BDDE055000000000001', '测试商品2', '222222222222222', '测试尊享商户', '10000000542', '鹏活动测测试', 1, '000001', '000', '中国银行苏州分行营业部', '中国银行苏州分行', '123', '12345678912', '1', '管理员', null, '104320582200018', null, '20181030', '180027', '32942385', '00', null, '01', '2509', '830336235640', null, '000318', '000050', '000004', null, null, '02', 1, '123123', '0', '141e720bd64b488cb9936b16ac7f6135', null);
insert into TRAN_LIST (PRODUCT_ID, PRODUCT_NAME, MER_NO, MER_NAME, ACTIVITY_ID, ACTIVITY_NAME, INTEGRAL_VALUE, ORG_ID, P_ORG_ID, ORG_NAME, P_ORG_NAME, CUSTOMER_NAME, CUSTOMER_PHONE, USER_ID, USER_NAME, CUSTOMER_CARD_NO, MER_NO_POS, MER_NAME_POS, TRAN_DATE, TRAN_TIME, TERMINAL_NO, TRAN_STATE, BANK_NAME, CARD_TYPE, CART_VALIDITY, SYS_REFERENCE, AUTH_NO, TRACE_NO, BILL_NO, BATCH_NO, TRAN_WAY, CASH_NO, STATE, TRAN_COUNT, CERTIFICATE_NO, CERTIFICATE_TYPE, TRAN_ID, OLD_TRAN_ID)
values ('788C3EF6EFBF0BDDE055000000000001', '测试商品2', '222222222222222', '测试尊享商户', '10000000542', '鹏活动测测试', 1, '000001', '000', '中国银行苏州分行营业部', '中国银行苏州分行', '123', '12345678912', '1', '管理员', null, '104320582200018', null, '20181030', '180647', '32942385', '00', null, '01', '2509', '830336235640', null, '000323', '000051', '000004', null, null, '01', 1, '123123', '0', '9339368f7e604d14bb5d2be8494c6afe', '141e720bd64b488cb9936b16ac7f6135');
insert into TRAN_LIST (PRODUCT_ID, PRODUCT_NAME, MER_NO, MER_NAME, ACTIVITY_ID, ACTIVITY_NAME, INTEGRAL_VALUE, ORG_ID, P_ORG_ID, ORG_NAME, P_ORG_NAME, CUSTOMER_NAME, CUSTOMER_PHONE, USER_ID, USER_NAME, CUSTOMER_CARD_NO, MER_NO_POS, MER_NAME_POS, TRAN_DATE, TRAN_TIME, TERMINAL_NO, TRAN_STATE, BANK_NAME, CARD_TYPE, CART_VALIDITY, SYS_REFERENCE, AUTH_NO, TRACE_NO, BILL_NO, BATCH_NO, TRAN_WAY, CASH_NO, STATE, TRAN_COUNT, CERTIFICATE_NO, CERTIFICATE_TYPE, TRAN_ID, OLD_TRAN_ID)
values ('788C3EF6EFBF0BDDE055000000000001', '测试商品2', '222222222222222', '测试尊享商户', '10000000542', '鹏活动测测试', 1, '000001', '000', '中国银行苏州分行营业部', '中国银行苏州分行', '123', '12345678912', '1', '管理员', '6216696101000033739', '104320582200018', null, '20181030', '180846', '32942385', '00', null, '01', '2509', '830378236389', null, '000328', '000052', '000004', null, null, '00', 1, '123123', '0', 'e4fa6b32f6d246c2876a141b865d9009', null);
insert into TRAN_LIST (PRODUCT_ID, PRODUCT_NAME, MER_NO, MER_NAME, ACTIVITY_ID, ACTIVITY_NAME, INTEGRAL_VALUE, ORG_ID, P_ORG_ID, ORG_NAME, P_ORG_NAME, CUSTOMER_NAME, CUSTOMER_PHONE, USER_ID, USER_NAME, CUSTOMER_CARD_NO, MER_NO_POS, MER_NAME_POS, TRAN_DATE, TRAN_TIME, TERMINAL_NO, TRAN_STATE, BANK_NAME, CARD_TYPE, CART_VALIDITY, SYS_REFERENCE, AUTH_NO, TRACE_NO, BILL_NO, BATCH_NO, TRAN_WAY, CASH_NO, STATE, TRAN_COUNT, CERTIFICATE_NO, CERTIFICATE_TYPE, TRAN_ID, OLD_TRAN_ID)
values ('788C3EF6EFBF0BDDE055000000000001', '测试商品2', '222222222222222', '测试尊享商户', '10000000542', '鹏活动测测试', 1, '000001', '000', '中国银行苏州分行营业部', '中国银行苏州分行', '123', '12345678912', '1', '管理员', '6216696101000033739', '104320582200018', null, '20181030', '180846', '32942385', '01', null, '01', '2509', '830378236389', null, '000328', null, '000004', null, null, '01', 1, '123123', '0', 'be3b186b4839435d874a8a9c42c38071', 'e4fa6b32f6d246c2876a141b865d9009');
insert into TRAN_LIST (PRODUCT_ID, PRODUCT_NAME, MER_NO, MER_NAME, ACTIVITY_ID, ACTIVITY_NAME, INTEGRAL_VALUE, ORG_ID, P_ORG_ID, ORG_NAME, P_ORG_NAME, CUSTOMER_NAME, CUSTOMER_PHONE, USER_ID, USER_NAME, CUSTOMER_CARD_NO, MER_NO_POS, MER_NAME_POS, TRAN_DATE, TRAN_TIME, TERMINAL_NO, TRAN_STATE, BANK_NAME, CARD_TYPE, CART_VALIDITY, SYS_REFERENCE, AUTH_NO, TRACE_NO, BILL_NO, BATCH_NO, TRAN_WAY, CASH_NO, STATE, TRAN_COUNT, CERTIFICATE_NO, CERTIFICATE_TYPE, TRAN_ID, OLD_TRAN_ID)
values ('111111', '测试', '111111111111111', '测试商户', 'nomal', 'nomal', 1, '000001', '000', '中国银行苏州分行营业部', '中国银行苏州分行', '1321', '12345678912', '1', '管理员', '6013826101041852935', '104320582200018', null, '20181019', '101605', '32942385', '00', null, '01', '2602', '829298405094', null, '000034', '000001', '000002', null, null, '02', 1, '1243123134565', '0', 'a9bb4d6f14bf45d98c88c5ccbe8a520e', null);
insert into TRAN_LIST (PRODUCT_ID, PRODUCT_NAME, MER_NO, MER_NAME, ACTIVITY_ID, ACTIVITY_NAME, INTEGRAL_VALUE, ORG_ID, P_ORG_ID, ORG_NAME, P_ORG_NAME, CUSTOMER_NAME, CUSTOMER_PHONE, USER_ID, USER_NAME, CUSTOMER_CARD_NO, MER_NO_POS, MER_NAME_POS, TRAN_DATE, TRAN_TIME, TERMINAL_NO, TRAN_STATE, BANK_NAME, CARD_TYPE, CART_VALIDITY, SYS_REFERENCE, AUTH_NO, TRACE_NO, BILL_NO, BATCH_NO, TRAN_WAY, CASH_NO, STATE, TRAN_COUNT, CERTIFICATE_NO, CERTIFICATE_TYPE, TRAN_ID, OLD_TRAN_ID)
values ('111111', '测试', '111111111111111', '测试商户', 'nomal', 'nomal', 1, '000001', '000', '中国银行苏州分行营业部', '中国银行苏州分行', '1321', '12345678912', '1', '管理员', '6013826101041852935', '104320582200018', null, '20181019', '101605', '32942385', '00', null, '01', '2602', '829298405094', null, '000034', '000001', '000002', null, null, '01', 1, '1243123134565', '0', '56cfd2f2178547f0b467307d402af2f4', 'a9bb4d6f14bf45d98c88c5ccbe8a520e');
insert into TRAN_LIST (PRODUCT_ID, PRODUCT_NAME, MER_NO, MER_NAME, ACTIVITY_ID, ACTIVITY_NAME, INTEGRAL_VALUE, ORG_ID, P_ORG_ID, ORG_NAME, P_ORG_NAME, CUSTOMER_NAME, CUSTOMER_PHONE, USER_ID, USER_NAME, CUSTOMER_CARD_NO, MER_NO_POS, MER_NAME_POS, TRAN_DATE, TRAN_TIME, TERMINAL_NO, TRAN_STATE, BANK_NAME, CARD_TYPE, CART_VALIDITY, SYS_REFERENCE, AUTH_NO, TRACE_NO, BILL_NO, BATCH_NO, TRAN_WAY, CASH_NO, STATE, TRAN_COUNT, CERTIFICATE_NO, CERTIFICATE_TYPE, TRAN_ID, OLD_TRAN_ID)
values ('111111', '测试', '111111111111111', '测试商户', 'nomal', 'nomal', 1, '000001', '000', '中国银行苏州分行营业部', '中国银行苏州分行', '123', '12345678912', '1', '管理员', null, null, null, '20181019', '103131', null, '55', null, null, null, null, null, null, null, null, null, null, '00', 1, '123123', '0', '69fda1a48af94661b9423a4532a55cd7', null);
insert into TRAN_LIST (PRODUCT_ID, PRODUCT_NAME, MER_NO, MER_NAME, ACTIVITY_ID, ACTIVITY_NAME, INTEGRAL_VALUE, ORG_ID, P_ORG_ID, ORG_NAME, P_ORG_NAME, CUSTOMER_NAME, CUSTOMER_PHONE, USER_ID, USER_NAME, CUSTOMER_CARD_NO, MER_NO_POS, MER_NAME_POS, TRAN_DATE, TRAN_TIME, TERMINAL_NO, TRAN_STATE, BANK_NAME, CARD_TYPE, CART_VALIDITY, SYS_REFERENCE, AUTH_NO, TRACE_NO, BILL_NO, BATCH_NO, TRAN_WAY, CASH_NO, STATE, TRAN_COUNT, CERTIFICATE_NO, CERTIFICATE_TYPE, TRAN_ID, OLD_TRAN_ID)
values ('788C3EF6EFBE0BDDE055000000000001', '测试商品1', '222222222222222', '测试尊享商户', '10000000522', '测试活动', 1, '000001', '000', '中国银行苏州分行营业部', '中国银行苏州分行', '123', '12345678912', '1', '管理员', null, null, null, '20181019', '103131', null, '55', null, null, null, null, null, null, null, null, null, null, '00', 1, '123123', '0', '69fda1a48af94661b9423a4532a55cd7', null);
insert into TRAN_LIST (PRODUCT_ID, PRODUCT_NAME, MER_NO, MER_NAME, ACTIVITY_ID, ACTIVITY_NAME, INTEGRAL_VALUE, ORG_ID, P_ORG_ID, ORG_NAME, P_ORG_NAME, CUSTOMER_NAME, CUSTOMER_PHONE, USER_ID, USER_NAME, CUSTOMER_CARD_NO, MER_NO_POS, MER_NAME_POS, TRAN_DATE, TRAN_TIME, TERMINAL_NO, TRAN_STATE, BANK_NAME, CARD_TYPE, CART_VALIDITY, SYS_REFERENCE, AUTH_NO, TRACE_NO, BILL_NO, BATCH_NO, TRAN_WAY, CASH_NO, STATE, TRAN_COUNT, CERTIFICATE_NO, CERTIFICATE_TYPE, TRAN_ID, OLD_TRAN_ID)
values ('788C3EF6EFBF0BDDE055000000000001', '测试商品2', '222222222222222', '测试尊享商户', '10000000522', '测试活动', 1, '000001', '000', '中国银行苏州分行营业部', '中国银行苏州分行', '123', '12345678912', '1', '管理员', null, null, null, '20181019', '103131', null, '55', null, null, null, null, null, null, null, null, null, null, '00', 1, '123123', '0', '69fda1a48af94661b9423a4532a55cd7', null);
insert into TRAN_LIST (PRODUCT_ID, PRODUCT_NAME, MER_NO, MER_NAME, ACTIVITY_ID, ACTIVITY_NAME, INTEGRAL_VALUE, ORG_ID, P_ORG_ID, ORG_NAME, P_ORG_NAME, CUSTOMER_NAME, CUSTOMER_PHONE, USER_ID, USER_NAME, CUSTOMER_CARD_NO, MER_NO_POS, MER_NAME_POS, TRAN_DATE, TRAN_TIME, TERMINAL_NO, TRAN_STATE, BANK_NAME, CARD_TYPE, CART_VALIDITY, SYS_REFERENCE, AUTH_NO, TRACE_NO, BILL_NO, BATCH_NO, TRAN_WAY, CASH_NO, STATE, TRAN_COUNT, CERTIFICATE_NO, CERTIFICATE_TYPE, TRAN_ID, OLD_TRAN_ID)
values ('788C3EF6EFC00BDDE055000000000001', '测试商品3', '222222222222222', '测试尊享商户', '10000000522', '测试活动', 1, '000001', '000', '中国银行苏州分行营业部', '中国银行苏州分行', '456', '12345678912', '1', '管理员', '6013826101041852935', '104320582200018', null, '20181019', '103619', '32942385', '00', null, '01', '2602', '829298407026', null, '000051', '000003', '000002', null, null, '02', 1, '456456', '2', 'ec7de6aee2974880b04a37c19b4a5f8f', null);
insert into TRAN_LIST (PRODUCT_ID, PRODUCT_NAME, MER_NO, MER_NAME, ACTIVITY_ID, ACTIVITY_NAME, INTEGRAL_VALUE, ORG_ID, P_ORG_ID, ORG_NAME, P_ORG_NAME, CUSTOMER_NAME, CUSTOMER_PHONE, USER_ID, USER_NAME, CUSTOMER_CARD_NO, MER_NO_POS, MER_NAME_POS, TRAN_DATE, TRAN_TIME, TERMINAL_NO, TRAN_STATE, BANK_NAME, CARD_TYPE, CART_VALIDITY, SYS_REFERENCE, AUTH_NO, TRACE_NO, BILL_NO, BATCH_NO, TRAN_WAY, CASH_NO, STATE, TRAN_COUNT, CERTIFICATE_NO, CERTIFICATE_TYPE, TRAN_ID, OLD_TRAN_ID)
values ('111111', '测试', '111111111111111', '测试商户', 'nomal', 'nomal', 1, '000001', '000', '中国银行苏州分行营业部', '中国银行苏州分行', '456', '12345678912', '1', '管理员', '6013826101041852935', '104320582200018', null, '20181019', '103619', '32942385', '00', null, '01', '2602', '829298407026', null, '000051', '000003', '000002', null, null, '02', 1, '456456', '2', 'ec7de6aee2974880b04a37c19b4a5f8f', null);
insert into TRAN_LIST (PRODUCT_ID, PRODUCT_NAME, MER_NO, MER_NAME, ACTIVITY_ID, ACTIVITY_NAME, INTEGRAL_VALUE, ORG_ID, P_ORG_ID, ORG_NAME, P_ORG_NAME, CUSTOMER_NAME, CUSTOMER_PHONE, USER_ID, USER_NAME, CUSTOMER_CARD_NO, MER_NO_POS, MER_NAME_POS, TRAN_DATE, TRAN_TIME, TERMINAL_NO, TRAN_STATE, BANK_NAME, CARD_TYPE, CART_VALIDITY, SYS_REFERENCE, AUTH_NO, TRACE_NO, BILL_NO, BATCH_NO, TRAN_WAY, CASH_NO, STATE, TRAN_COUNT, CERTIFICATE_NO, CERTIFICATE_TYPE, TRAN_ID, OLD_TRAN_ID)
values ('788C3EF6EFBE0BDDE055000000000001', '测试商品1', '222222222222222', '测试尊享商户', '10000000522', '测试活动', 1, '000001', '000', '中国银行苏州分行营业部', '中国银行苏州分行', '456', '12345678912', '1', '管理员', '6013826101041852935', '104320582200018', null, '20181019', '103619', '32942385', '00', null, '01', '2602', '829298407026', null, '000051', '000003', '000002', null, null, '02', 1, '456456', '2', 'ec7de6aee2974880b04a37c19b4a5f8f', null);
insert into TRAN_LIST (PRODUCT_ID, PRODUCT_NAME, MER_NO, MER_NAME, ACTIVITY_ID, ACTIVITY_NAME, INTEGRAL_VALUE, ORG_ID, P_ORG_ID, ORG_NAME, P_ORG_NAME, CUSTOMER_NAME, CUSTOMER_PHONE, USER_ID, USER_NAME, CUSTOMER_CARD_NO, MER_NO_POS, MER_NAME_POS, TRAN_DATE, TRAN_TIME, TERMINAL_NO, TRAN_STATE, BANK_NAME, CARD_TYPE, CART_VALIDITY, SYS_REFERENCE, AUTH_NO, TRACE_NO, BILL_NO, BATCH_NO, TRAN_WAY, CASH_NO, STATE, TRAN_COUNT, CERTIFICATE_NO, CERTIFICATE_TYPE, TRAN_ID, OLD_TRAN_ID)
values ('111111', '测试', '111111111111111', '测试商户', 'nomal', 'nomal', 1, '000001', '000', '中国银行苏州分行营业部', '中国银行苏州分行', '456', '12345678912', '1', '管理员', '6013826101041852935', '104320582200018', null, '20181019', '103619', '32942385', '00', null, '01', '2602', '829298407026', null, '000051', '000003', '000002', null, null, '01', 1, '456456', '2', '989599f13e2b402c8627563bf5cfa338', 'ec7de6aee2974880b04a37c19b4a5f8f');
insert into TRAN_LIST (PRODUCT_ID, PRODUCT_NAME, MER_NO, MER_NAME, ACTIVITY_ID, ACTIVITY_NAME, INTEGRAL_VALUE, ORG_ID, P_ORG_ID, ORG_NAME, P_ORG_NAME, CUSTOMER_NAME, CUSTOMER_PHONE, USER_ID, USER_NAME, CUSTOMER_CARD_NO, MER_NO_POS, MER_NAME_POS, TRAN_DATE, TRAN_TIME, TERMINAL_NO, TRAN_STATE, BANK_NAME, CARD_TYPE, CART_VALIDITY, SYS_REFERENCE, AUTH_NO, TRACE_NO, BILL_NO, BATCH_NO, TRAN_WAY, CASH_NO, STATE, TRAN_COUNT, CERTIFICATE_NO, CERTIFICATE_TYPE, TRAN_ID, OLD_TRAN_ID)
values ('788C3EF6EFBE0BDDE055000000000001', '测试商品1', '222222222222222', '测试尊享商户', '10000000522', '测试活动', 1, '000001', '000', '中国银行苏州分行营业部', '中国银行苏州分行', '456', '12345678912', '1', '管理员', '6013826101041852935', '104320582200018', null, '20181019', '103619', '32942385', '00', null, '01', '2602', '829298407026', null, '000051', '000003', '000002', null, null, '01', 1, '456456', '2', '989599f13e2b402c8627563bf5cfa338', 'ec7de6aee2974880b04a37c19b4a5f8f');
insert into TRAN_LIST (PRODUCT_ID, PRODUCT_NAME, MER_NO, MER_NAME, ACTIVITY_ID, ACTIVITY_NAME, INTEGRAL_VALUE, ORG_ID, P_ORG_ID, ORG_NAME, P_ORG_NAME, CUSTOMER_NAME, CUSTOMER_PHONE, USER_ID, USER_NAME, CUSTOMER_CARD_NO, MER_NO_POS, MER_NAME_POS, TRAN_DATE, TRAN_TIME, TERMINAL_NO, TRAN_STATE, BANK_NAME, CARD_TYPE, CART_VALIDITY, SYS_REFERENCE, AUTH_NO, TRACE_NO, BILL_NO, BATCH_NO, TRAN_WAY, CASH_NO, STATE, TRAN_COUNT, CERTIFICATE_NO, CERTIFICATE_TYPE, TRAN_ID, OLD_TRAN_ID)
values ('788C3EF6EFC00BDDE055000000000001', '测试商品3', '222222222222222', '测试尊享商户', '10000000522', '测试活动', 1, '000001', '000', '中国银行苏州分行营业部', '中国银行苏州分行', '456', '12345678912', '1', '管理员', '6013826101041852935', '104320582200018', null, '20181019', '103619', '32942385', '00', null, '01', '2602', '829298407026', null, '000051', '000003', '000002', null, null, '01', 1, '456456', '2', '989599f13e2b402c8627563bf5cfa338', 'ec7de6aee2974880b04a37c19b4a5f8f');
insert into TRAN_LIST (PRODUCT_ID, PRODUCT_NAME, MER_NO, MER_NAME, ACTIVITY_ID, ACTIVITY_NAME, INTEGRAL_VALUE, ORG_ID, P_ORG_ID, ORG_NAME, P_ORG_NAME, CUSTOMER_NAME, CUSTOMER_PHONE, USER_ID, USER_NAME, CUSTOMER_CARD_NO, MER_NO_POS, MER_NAME_POS, TRAN_DATE, TRAN_TIME, TERMINAL_NO, TRAN_STATE, BANK_NAME, CARD_TYPE, CART_VALIDITY, SYS_REFERENCE, AUTH_NO, TRACE_NO, BILL_NO, BATCH_NO, TRAN_WAY, CASH_NO, STATE, TRAN_COUNT, CERTIFICATE_NO, CERTIFICATE_TYPE, TRAN_ID, OLD_TRAN_ID)
values ('788C3EF6EFBE0BDDE055000000000001', '测试商品1', '222222222222222', '测试尊享商户', '10000000522', '测试活动', 1, '000001', '000', '中国银行苏州分行营业部', '中国银行苏州分行', '123', '12345678912', '1', '管理员', null, '104320582200018', null, '20181019', '115426', '32942385', '00', null, '01', '2602', '829299455912', null, '000075', '000008', '000002', null, null, '01', 1, '123123', '0', 'cf6134da8de0433a98befa687738db58', '156c88809f8e42b9bcb7447b22a1af32');
insert into TRAN_LIST (PRODUCT_ID, PRODUCT_NAME, MER_NO, MER_NAME, ACTIVITY_ID, ACTIVITY_NAME, INTEGRAL_VALUE, ORG_ID, P_ORG_ID, ORG_NAME, P_ORG_NAME, CUSTOMER_NAME, CUSTOMER_PHONE, USER_ID, USER_NAME, CUSTOMER_CARD_NO, MER_NO_POS, MER_NAME_POS, TRAN_DATE, TRAN_TIME, TERMINAL_NO, TRAN_STATE, BANK_NAME, CARD_TYPE, CART_VALIDITY, SYS_REFERENCE, AUTH_NO, TRACE_NO, BILL_NO, BATCH_NO, TRAN_WAY, CASH_NO, STATE, TRAN_COUNT, CERTIFICATE_NO, CERTIFICATE_TYPE, TRAN_ID, OLD_TRAN_ID)
values ('788C3EF6EFBE0BDDE055000000000001', '测试商品1', '222222222222222', '测试尊享商户', '10000000522', '测试活动', 1, '000001', '000', '中国银行苏州分行营业部', '中国银行苏州分行', '123', '12345678912', '1', '管理员', null, '104320582200018', null, '20181019', '115128', '32942385', '00', null, '01', '2602', '829298413279', null, '000070', '000007', '000002', null, null, '01', 1, '123123', '0', 'cdb0468baaa54b7f837fc1de37fbb3fe', '03caf4fefb4f4c6d9c7ef43c08642c04');
insert into TRAN_LIST (PRODUCT_ID, PRODUCT_NAME, MER_NO, MER_NAME, ACTIVITY_ID, ACTIVITY_NAME, INTEGRAL_VALUE, ORG_ID, P_ORG_ID, ORG_NAME, P_ORG_NAME, CUSTOMER_NAME, CUSTOMER_PHONE, USER_ID, USER_NAME, CUSTOMER_CARD_NO, MER_NO_POS, MER_NAME_POS, TRAN_DATE, TRAN_TIME, TERMINAL_NO, TRAN_STATE, BANK_NAME, CARD_TYPE, CART_VALIDITY, SYS_REFERENCE, AUTH_NO, TRACE_NO, BILL_NO, BATCH_NO, TRAN_WAY, CASH_NO, STATE, TRAN_COUNT, CERTIFICATE_NO, CERTIFICATE_TYPE, TRAN_ID, OLD_TRAN_ID)
values ('788C3EF6EFBF0BDDE055000000000001', '测试商品2', '222222222222222', '测试尊享商户', '10000000522', '测试活动', 1, '000001', '000', '中国银行苏州分行营业部', '中国银行苏州分行', '123', '12345678912', '1', '管理员', '6013826101041852935', '104320582200018', null, '20181019', '132434', '32942385', '00', null, '01', '2602', '829298418275', null, '000082', '000011', '000002', null, null, '02', 1, '123123', '0', '074c84f5049a4192ad90a7a4a654ba1a', null);
insert into TRAN_LIST (PRODUCT_ID, PRODUCT_NAME, MER_NO, MER_NAME, ACTIVITY_ID, ACTIVITY_NAME, INTEGRAL_VALUE, ORG_ID, P_ORG_ID, ORG_NAME, P_ORG_NAME, CUSTOMER_NAME, CUSTOMER_PHONE, USER_ID, USER_NAME, CUSTOMER_CARD_NO, MER_NO_POS, MER_NAME_POS, TRAN_DATE, TRAN_TIME, TERMINAL_NO, TRAN_STATE, BANK_NAME, CARD_TYPE, CART_VALIDITY, SYS_REFERENCE, AUTH_NO, TRACE_NO, BILL_NO, BATCH_NO, TRAN_WAY, CASH_NO, STATE, TRAN_COUNT, CERTIFICATE_NO, CERTIFICATE_TYPE, TRAN_ID, OLD_TRAN_ID)
values ('111111', '测试', '111111111111111', '测试商户', 'nomal', 'nomal', 1, '000001', '000', '中国银行苏州分行营业部', '中国银行苏州分行', '789', '12345678912', '1', '管理员', '6013826101041852935', '104320582200018', null, '20181019', '133031', '32942385', '00', null, '01', '2602', '829298418573', null, '000089', '000012', '000002', null, null, '02', 1, '789789', '6', '677bae3e532b48d5821d432c75336b60', null);
insert into TRAN_LIST (PRODUCT_ID, PRODUCT_NAME, MER_NO, MER_NAME, ACTIVITY_ID, ACTIVITY_NAME, INTEGRAL_VALUE, ORG_ID, P_ORG_ID, ORG_NAME, P_ORG_NAME, CUSTOMER_NAME, CUSTOMER_PHONE, USER_ID, USER_NAME, CUSTOMER_CARD_NO, MER_NO_POS, MER_NAME_POS, TRAN_DATE, TRAN_TIME, TERMINAL_NO, TRAN_STATE, BANK_NAME, CARD_TYPE, CART_VALIDITY, SYS_REFERENCE, AUTH_NO, TRACE_NO, BILL_NO, BATCH_NO, TRAN_WAY, CASH_NO, STATE, TRAN_COUNT, CERTIFICATE_NO, CERTIFICATE_TYPE, TRAN_ID, OLD_TRAN_ID)
values ('788C3EF6EFBF0BDDE055000000000001', '测试商品2', '222222222222222', '测试尊享商户', '10000000522', '测试活动', 1, '000001', '000', '中国银行苏州分行营业部', '中国银行苏州分行', '123', '12345678912', '1', '管理员', '6013826101041852935', '104320582200018', null, '20181019', '132434', '32942385', '00', null, '01', '2602', '829298418275', null, '000082', '000011', '000002', null, null, '01', 1, '123123', '0', '2b70c457e11d4df9ab0507bdd68a5846', '074c84f5049a4192ad90a7a4a654ba1a');
insert into TRAN_LIST (PRODUCT_ID, PRODUCT_NAME, MER_NO, MER_NAME, ACTIVITY_ID, ACTIVITY_NAME, INTEGRAL_VALUE, ORG_ID, P_ORG_ID, ORG_NAME, P_ORG_NAME, CUSTOMER_NAME, CUSTOMER_PHONE, USER_ID, USER_NAME, CUSTOMER_CARD_NO, MER_NO_POS, MER_NAME_POS, TRAN_DATE, TRAN_TIME, TERMINAL_NO, TRAN_STATE, BANK_NAME, CARD_TYPE, CART_VALIDITY, SYS_REFERENCE, AUTH_NO, TRACE_NO, BILL_NO, BATCH_NO, TRAN_WAY, CASH_NO, STATE, TRAN_COUNT, CERTIFICATE_NO, CERTIFICATE_TYPE, TRAN_ID, OLD_TRAN_ID)
values ('111111', '测试', '111111111111111', '测试商户', 'nomal', 'nomal', 1, '000001', '000', '中国银行苏州分行营业部', '中国银行苏州分行', '789', '12345678912', '1', '管理员', '6013826101041852935', '104320582200018', null, '20181019', '133031', '32942385', '00', null, '01', '2602', '829298418573', null, '000089', '000012', '000002', null, null, '01', 1, '789789', '6', 'a436131947094a76abda7e2193e1522b', '677bae3e532b48d5821d432c75336b60');
insert into TRAN_LIST (PRODUCT_ID, PRODUCT_NAME, MER_NO, MER_NAME, ACTIVITY_ID, ACTIVITY_NAME, INTEGRAL_VALUE, ORG_ID, P_ORG_ID, ORG_NAME, P_ORG_NAME, CUSTOMER_NAME, CUSTOMER_PHONE, USER_ID, USER_NAME, CUSTOMER_CARD_NO, MER_NO_POS, MER_NAME_POS, TRAN_DATE, TRAN_TIME, TERMINAL_NO, TRAN_STATE, BANK_NAME, CARD_TYPE, CART_VALIDITY, SYS_REFERENCE, AUTH_NO, TRACE_NO, BILL_NO, BATCH_NO, TRAN_WAY, CASH_NO, STATE, TRAN_COUNT, CERTIFICATE_NO, CERTIFICATE_TYPE, TRAN_ID, OLD_TRAN_ID)
values ('788C3EF6EFBF0BDDE055000000000001', '测试商品2', '222222222222222', '测试尊享商户', '10000000522', '测试活动', 1, '000001', '000', '中国银行苏州分行营业部', '中国银行苏州分行', '123', '12345678912', '1', '管理员', '6013826101041852935', '104320582200018', null, '20181019', '133726', '32942385', '00', null, '01', '2602', '829296408583', null, '000098', '000015', '000002', null, null, '02', 1, '123123', '0', 'f4126913442b481294b8da050225aa36', null);
insert into TRAN_LIST (PRODUCT_ID, PRODUCT_NAME, MER_NO, MER_NAME, ACTIVITY_ID, ACTIVITY_NAME, INTEGRAL_VALUE, ORG_ID, P_ORG_ID, ORG_NAME, P_ORG_NAME, CUSTOMER_NAME, CUSTOMER_PHONE, USER_ID, USER_NAME, CUSTOMER_CARD_NO, MER_NO_POS, MER_NAME_POS, TRAN_DATE, TRAN_TIME, TERMINAL_NO, TRAN_STATE, BANK_NAME, CARD_TYPE, CART_VALIDITY, SYS_REFERENCE, AUTH_NO, TRACE_NO, BILL_NO, BATCH_NO, TRAN_WAY, CASH_NO, STATE, TRAN_COUNT, CERTIFICATE_NO, CERTIFICATE_TYPE, TRAN_ID, OLD_TRAN_ID)
values ('788C3EF6EFBF0BDDE055000000000001', '测试商品2', '222222222222222', '测试尊享商户', '10000000522', '测试活动', 1, '000001', '000', '中国银行苏州分行营业部', '中国银行苏州分行', '123', '12345678912', '1', '管理员', '6013826101041852935', '104320582200018', null, '20181019', '133726', '32942385', '00', null, '01', '2602', '829296408583', null, '000098', '000015', '000002', null, null, '01', 1, '123123', '0', '76e12d313b5542e99fef2144d4407149', 'f4126913442b481294b8da050225aa36');
insert into TRAN_LIST (PRODUCT_ID, PRODUCT_NAME, MER_NO, MER_NAME, ACTIVITY_ID, ACTIVITY_NAME, INTEGRAL_VALUE, ORG_ID, P_ORG_ID, ORG_NAME, P_ORG_NAME, CUSTOMER_NAME, CUSTOMER_PHONE, USER_ID, USER_NAME, CUSTOMER_CARD_NO, MER_NO_POS, MER_NAME_POS, TRAN_DATE, TRAN_TIME, TERMINAL_NO, TRAN_STATE, BANK_NAME, CARD_TYPE, CART_VALIDITY, SYS_REFERENCE, AUTH_NO, TRACE_NO, BILL_NO, BATCH_NO, TRAN_WAY, CASH_NO, STATE, TRAN_COUNT, CERTIFICATE_NO, CERTIFICATE_TYPE, TRAN_ID, OLD_TRAN_ID)
values ('788C3EF6EFBE0BDDE055000000000001', '测试商品1', '222222222222222', '测试尊享商户', '10000000522', '测试活动', 1, '000001', '000', '中国银行苏州分行营业部', '中国银行苏州分行', '123', '12345678912', '1', '管理员', '6013826101041852935', '104320582200018', null, '20181019', '141318', '32942385', '00', null, '01', '2602', '829298421354', null, '000110', '000017', '000002', null, null, '02', 1, '123123', '0', 'be01e825bfb64e49969e35c23abfcbc3', null);
insert into TRAN_LIST (PRODUCT_ID, PRODUCT_NAME, MER_NO, MER_NAME, ACTIVITY_ID, ACTIVITY_NAME, INTEGRAL_VALUE, ORG_ID, P_ORG_ID, ORG_NAME, P_ORG_NAME, CUSTOMER_NAME, CUSTOMER_PHONE, USER_ID, USER_NAME, CUSTOMER_CARD_NO, MER_NO_POS, MER_NAME_POS, TRAN_DATE, TRAN_TIME, TERMINAL_NO, TRAN_STATE, BANK_NAME, CARD_TYPE, CART_VALIDITY, SYS_REFERENCE, AUTH_NO, TRACE_NO, BILL_NO, BATCH_NO, TRAN_WAY, CASH_NO, STATE, TRAN_COUNT, CERTIFICATE_NO, CERTIFICATE_TYPE, TRAN_ID, OLD_TRAN_ID)
values ('788C3EF6EFBF0BDDE055000000000001', '测试商品2', '222222222222222', '测试尊享商户', '10000000522', '测试活动', 1, '000001', '000', '中国银行苏州分行营业部', '中国银行苏州分行', '123', '12345678912', '1', '管理员', '6013826101041852935', '104320582200018', null, '20181019', '141318', '32942385', '00', null, '01', '2602', '829298421354', null, '000110', '000017', '000002', null, null, '02', 1, '123123', '0', 'be01e825bfb64e49969e35c23abfcbc3', null);
insert into TRAN_LIST (PRODUCT_ID, PRODUCT_NAME, MER_NO, MER_NAME, ACTIVITY_ID, ACTIVITY_NAME, INTEGRAL_VALUE, ORG_ID, P_ORG_ID, ORG_NAME, P_ORG_NAME, CUSTOMER_NAME, CUSTOMER_PHONE, USER_ID, USER_NAME, CUSTOMER_CARD_NO, MER_NO_POS, MER_NAME_POS, TRAN_DATE, TRAN_TIME, TERMINAL_NO, TRAN_STATE, BANK_NAME, CARD_TYPE, CART_VALIDITY, SYS_REFERENCE, AUTH_NO, TRACE_NO, BILL_NO, BATCH_NO, TRAN_WAY, CASH_NO, STATE, TRAN_COUNT, CERTIFICATE_NO, CERTIFICATE_TYPE, TRAN_ID, OLD_TRAN_ID)
values ('788C3EF6EFBE0BDDE055000000000001', '测试商品1', '222222222222222', '测试尊享商户', '10000000522', '测试活动', 1, '000001', '000', '中国银行苏州分行营业部', '中国银行苏州分行', '123', '12345678912', '1', '管理员', '6013826101041852935', '104320582200018', null, '20181019', '141318', '32942385', '00', null, '01', '2602', '829298421354', null, '000110', '000017', '000002', null, null, '01', 1, '123123', '0', '65ffcd3175b540ce94f3ab2f70f844ce', 'be01e825bfb64e49969e35c23abfcbc3');
commit;
prompt 103 records loaded
prompt Loading T_B_ORG...
insert into T_B_ORG (ORG_ID, P_ORG_ID, ORG_LEV, CUP_ID, ZONE_CODE, BANK_NO, NAME, CONTACT, TEL, FAX, ADDR, STATUS, ONLINE_FLAG, ACQ_ORG_ID, ACQ_BANK_NO, EACQ_ORG_ID)
values ('000001', '000', 1, null, null, null, '中国银行苏州分行营业部', null, null, null, null, null, null, null, null, null);
insert into T_B_ORG (ORG_ID, P_ORG_ID, ORG_LEV, CUP_ID, ZONE_CODE, BANK_NO, NAME, CONTACT, TEL, FAX, ADDR, STATUS, ONLINE_FLAG, ACQ_ORG_ID, ACQ_BANK_NO, EACQ_ORG_ID)
values ('000', '0', 1, null, null, null, '中国银行苏州分行', null, null, null, null, null, null, null, null, null);
commit;
prompt 2 records loaded
prompt Loading T_P_SHIRO_ACTION...
insert into T_P_SHIRO_ACTION (ACTION_ID, ACTION_NAME, ACTION_VALUE, ACTION_ORDER, REMARK)
values (1, '可见', '1', 1, '菜单资源');
insert into T_P_SHIRO_ACTION (ACTION_ID, ACTION_NAME, ACTION_VALUE, ACTION_ORDER, REMARK)
values (2, '不可见', '1', 2, '菜单资源');
insert into T_P_SHIRO_ACTION (ACTION_ID, ACTION_NAME, ACTION_VALUE, ACTION_ORDER, REMARK)
values (3, '可操作', '0', 3, '菜单资源');
insert into T_P_SHIRO_ACTION (ACTION_ID, ACTION_NAME, ACTION_VALUE, ACTION_ORDER, REMARK)
values (4, '不可操作', '0', 4, '菜单资源');
insert into T_P_SHIRO_ACTION (ACTION_ID, ACTION_NAME, ACTION_VALUE, ACTION_ORDER, REMARK)
values (5, 'ALL', '0', 0, 'URL资源');
commit;
prompt 5 records loaded
prompt Loading T_P_SHIRO_FILTER_TYPE...
insert into T_P_SHIRO_FILTER_TYPE (TYPE_ID, TYPE_NAME)
values (1, 'ROLES');
commit;
prompt 1 records loaded
prompt Loading T_P_SHIRO_PERMIT...
insert into T_P_SHIRO_PERMIT (PERMIT_ID, MENU_RES_ID, ACTION_ID, TYPE_ID, PERMIT_ORDER)
values (420000940, 250820, 1, 1, null);
insert into T_P_SHIRO_PERMIT (PERMIT_ID, MENU_RES_ID, ACTION_ID, TYPE_ID, PERMIT_ORDER)
values (420000941, 250820, 2, 1, null);
insert into T_P_SHIRO_PERMIT (PERMIT_ID, MENU_RES_ID, ACTION_ID, TYPE_ID, PERMIT_ORDER)
values (420000942, 250820, 3, 1, null);
insert into T_P_SHIRO_PERMIT (PERMIT_ID, MENU_RES_ID, ACTION_ID, TYPE_ID, PERMIT_ORDER)
values (420000943, 250820, 4, 1, null);
insert into T_P_SHIRO_PERMIT (PERMIT_ID, MENU_RES_ID, ACTION_ID, TYPE_ID, PERMIT_ORDER)
values (420000944, 250821, 1, 1, null);
insert into T_P_SHIRO_PERMIT (PERMIT_ID, MENU_RES_ID, ACTION_ID, TYPE_ID, PERMIT_ORDER)
values (420000945, 250821, 2, 1, null);
insert into T_P_SHIRO_PERMIT (PERMIT_ID, MENU_RES_ID, ACTION_ID, TYPE_ID, PERMIT_ORDER)
values (420000946, 250821, 3, 1, null);
insert into T_P_SHIRO_PERMIT (PERMIT_ID, MENU_RES_ID, ACTION_ID, TYPE_ID, PERMIT_ORDER)
values (420000947, 250821, 4, 1, null);
insert into T_P_SHIRO_PERMIT (PERMIT_ID, MENU_RES_ID, ACTION_ID, TYPE_ID, PERMIT_ORDER)
values (420000800, 250680, 1, 1, null);
insert into T_P_SHIRO_PERMIT (PERMIT_ID, MENU_RES_ID, ACTION_ID, TYPE_ID, PERMIT_ORDER)
values (420000801, 250680, 2, 1, null);
insert into T_P_SHIRO_PERMIT (PERMIT_ID, MENU_RES_ID, ACTION_ID, TYPE_ID, PERMIT_ORDER)
values (420000802, 250680, 3, 1, null);
insert into T_P_SHIRO_PERMIT (PERMIT_ID, MENU_RES_ID, ACTION_ID, TYPE_ID, PERMIT_ORDER)
values (420000803, 250680, 4, 1, null);
insert into T_P_SHIRO_PERMIT (PERMIT_ID, MENU_RES_ID, ACTION_ID, TYPE_ID, PERMIT_ORDER)
values (420000808, 250682, 1, 1, null);
insert into T_P_SHIRO_PERMIT (PERMIT_ID, MENU_RES_ID, ACTION_ID, TYPE_ID, PERMIT_ORDER)
values (420000809, 250682, 2, 1, null);
insert into T_P_SHIRO_PERMIT (PERMIT_ID, MENU_RES_ID, ACTION_ID, TYPE_ID, PERMIT_ORDER)
values (420000810, 250682, 3, 1, null);
insert into T_P_SHIRO_PERMIT (PERMIT_ID, MENU_RES_ID, ACTION_ID, TYPE_ID, PERMIT_ORDER)
values (420000811, 250682, 4, 1, null);
insert into T_P_SHIRO_PERMIT (PERMIT_ID, MENU_RES_ID, ACTION_ID, TYPE_ID, PERMIT_ORDER)
values (420000680, 250560, 1, 1, null);
insert into T_P_SHIRO_PERMIT (PERMIT_ID, MENU_RES_ID, ACTION_ID, TYPE_ID, PERMIT_ORDER)
values (420000681, 250560, 2, 1, null);
insert into T_P_SHIRO_PERMIT (PERMIT_ID, MENU_RES_ID, ACTION_ID, TYPE_ID, PERMIT_ORDER)
values (420000682, 250560, 3, 1, null);
insert into T_P_SHIRO_PERMIT (PERMIT_ID, MENU_RES_ID, ACTION_ID, TYPE_ID, PERMIT_ORDER)
values (420000683, 250560, 4, 1, null);
insert into T_P_SHIRO_PERMIT (PERMIT_ID, MENU_RES_ID, ACTION_ID, TYPE_ID, PERMIT_ORDER)
values (348, 338, 2, 1, 1);
insert into T_P_SHIRO_PERMIT (PERMIT_ID, MENU_RES_ID, ACTION_ID, TYPE_ID, PERMIT_ORDER)
values (349, 338, 3, 1, 2);
insert into T_P_SHIRO_PERMIT (PERMIT_ID, MENU_RES_ID, ACTION_ID, TYPE_ID, PERMIT_ORDER)
values (350, 338, 4, 1, 3);
insert into T_P_SHIRO_PERMIT (PERMIT_ID, MENU_RES_ID, ACTION_ID, TYPE_ID, PERMIT_ORDER)
values (351, 339, 1, 1, 0);
insert into T_P_SHIRO_PERMIT (PERMIT_ID, MENU_RES_ID, ACTION_ID, TYPE_ID, PERMIT_ORDER)
values (352, 339, 2, 1, 1);
insert into T_P_SHIRO_PERMIT (PERMIT_ID, MENU_RES_ID, ACTION_ID, TYPE_ID, PERMIT_ORDER)
values (353, 339, 3, 1, 2);
insert into T_P_SHIRO_PERMIT (PERMIT_ID, MENU_RES_ID, ACTION_ID, TYPE_ID, PERMIT_ORDER)
values (354, 339, 4, 1, 3);
insert into T_P_SHIRO_PERMIT (PERMIT_ID, MENU_RES_ID, ACTION_ID, TYPE_ID, PERMIT_ORDER)
values (360, 341, 2, 1, 1);
insert into T_P_SHIRO_PERMIT (PERMIT_ID, MENU_RES_ID, ACTION_ID, TYPE_ID, PERMIT_ORDER)
values (361, 341, 3, 1, 2);
insert into T_P_SHIRO_PERMIT (PERMIT_ID, MENU_RES_ID, ACTION_ID, TYPE_ID, PERMIT_ORDER)
values (362, 341, 4, 1, 3);
insert into T_P_SHIRO_PERMIT (PERMIT_ID, MENU_RES_ID, ACTION_ID, TYPE_ID, PERMIT_ORDER)
values (363, 342, 1, 1, 0);
insert into T_P_SHIRO_PERMIT (PERMIT_ID, MENU_RES_ID, ACTION_ID, TYPE_ID, PERMIT_ORDER)
values (364, 342, 2, 1, 1);
insert into T_P_SHIRO_PERMIT (PERMIT_ID, MENU_RES_ID, ACTION_ID, TYPE_ID, PERMIT_ORDER)
values (365, 342, 3, 1, 2);
insert into T_P_SHIRO_PERMIT (PERMIT_ID, MENU_RES_ID, ACTION_ID, TYPE_ID, PERMIT_ORDER)
values (366, 342, 4, 1, 3);
insert into T_P_SHIRO_PERMIT (PERMIT_ID, MENU_RES_ID, ACTION_ID, TYPE_ID, PERMIT_ORDER)
values (367, 343, 1, 1, 0);
insert into T_P_SHIRO_PERMIT (PERMIT_ID, MENU_RES_ID, ACTION_ID, TYPE_ID, PERMIT_ORDER)
values (368, 343, 2, 1, 1);
insert into T_P_SHIRO_PERMIT (PERMIT_ID, MENU_RES_ID, ACTION_ID, TYPE_ID, PERMIT_ORDER)
values (369, 343, 3, 1, 2);
insert into T_P_SHIRO_PERMIT (PERMIT_ID, MENU_RES_ID, ACTION_ID, TYPE_ID, PERMIT_ORDER)
values (370, 343, 4, 1, 3);
insert into T_P_SHIRO_PERMIT (PERMIT_ID, MENU_RES_ID, ACTION_ID, TYPE_ID, PERMIT_ORDER)
values (371, 344, 1, 1, 0);
insert into T_P_SHIRO_PERMIT (PERMIT_ID, MENU_RES_ID, ACTION_ID, TYPE_ID, PERMIT_ORDER)
values (372, 344, 2, 1, 1);
insert into T_P_SHIRO_PERMIT (PERMIT_ID, MENU_RES_ID, ACTION_ID, TYPE_ID, PERMIT_ORDER)
values (373, 344, 3, 1, 2);
insert into T_P_SHIRO_PERMIT (PERMIT_ID, MENU_RES_ID, ACTION_ID, TYPE_ID, PERMIT_ORDER)
values (374, 344, 4, 1, 3);
insert into T_P_SHIRO_PERMIT (PERMIT_ID, MENU_RES_ID, ACTION_ID, TYPE_ID, PERMIT_ORDER)
values (375, 345, 1, 1, 0);
insert into T_P_SHIRO_PERMIT (PERMIT_ID, MENU_RES_ID, ACTION_ID, TYPE_ID, PERMIT_ORDER)
values (376, 345, 2, 1, 1);
insert into T_P_SHIRO_PERMIT (PERMIT_ID, MENU_RES_ID, ACTION_ID, TYPE_ID, PERMIT_ORDER)
values (377, 345, 3, 1, 2);
insert into T_P_SHIRO_PERMIT (PERMIT_ID, MENU_RES_ID, ACTION_ID, TYPE_ID, PERMIT_ORDER)
values (378, 345, 4, 1, 3);
insert into T_P_SHIRO_PERMIT (PERMIT_ID, MENU_RES_ID, ACTION_ID, TYPE_ID, PERMIT_ORDER)
values (379, 346, 1, 1, 0);
insert into T_P_SHIRO_PERMIT (PERMIT_ID, MENU_RES_ID, ACTION_ID, TYPE_ID, PERMIT_ORDER)
values (380, 346, 2, 1, 1);
insert into T_P_SHIRO_PERMIT (PERMIT_ID, MENU_RES_ID, ACTION_ID, TYPE_ID, PERMIT_ORDER)
values (382, 346, 4, 1, 3);
insert into T_P_SHIRO_PERMIT (PERMIT_ID, MENU_RES_ID, ACTION_ID, TYPE_ID, PERMIT_ORDER)
values (420000669, 250542, 2, 1, null);
insert into T_P_SHIRO_PERMIT (PERMIT_ID, MENU_RES_ID, ACTION_ID, TYPE_ID, PERMIT_ORDER)
values (420000670, 250542, 3, 1, null);
insert into T_P_SHIRO_PERMIT (PERMIT_ID, MENU_RES_ID, ACTION_ID, TYPE_ID, PERMIT_ORDER)
values (420000671, 250542, 4, 1, null);
insert into T_P_SHIRO_PERMIT (PERMIT_ID, MENU_RES_ID, ACTION_ID, TYPE_ID, PERMIT_ORDER)
values (420000684, 250561, 1, 1, null);
insert into T_P_SHIRO_PERMIT (PERMIT_ID, MENU_RES_ID, ACTION_ID, TYPE_ID, PERMIT_ORDER)
values (420000685, 250561, 2, 1, null);
insert into T_P_SHIRO_PERMIT (PERMIT_ID, MENU_RES_ID, ACTION_ID, TYPE_ID, PERMIT_ORDER)
values (420000686, 250561, 3, 1, null);
insert into T_P_SHIRO_PERMIT (PERMIT_ID, MENU_RES_ID, ACTION_ID, TYPE_ID, PERMIT_ORDER)
values (420000687, 250561, 4, 1, null);
insert into T_P_SHIRO_PERMIT (PERMIT_ID, MENU_RES_ID, ACTION_ID, TYPE_ID, PERMIT_ORDER)
values (420000688, 250562, 1, 1, null);
insert into T_P_SHIRO_PERMIT (PERMIT_ID, MENU_RES_ID, ACTION_ID, TYPE_ID, PERMIT_ORDER)
values (579, 396, 1, 1, 0);
insert into T_P_SHIRO_PERMIT (PERMIT_ID, MENU_RES_ID, ACTION_ID, TYPE_ID, PERMIT_ORDER)
values (580, 396, 2, 1, 1);
insert into T_P_SHIRO_PERMIT (PERMIT_ID, MENU_RES_ID, ACTION_ID, TYPE_ID, PERMIT_ORDER)
values (581, 396, 3, 1, 2);
insert into T_P_SHIRO_PERMIT (PERMIT_ID, MENU_RES_ID, ACTION_ID, TYPE_ID, PERMIT_ORDER)
values (582, 396, 4, 1, 3);
insert into T_P_SHIRO_PERMIT (PERMIT_ID, MENU_RES_ID, ACTION_ID, TYPE_ID, PERMIT_ORDER)
values (587, 398, 1, 1, 0);
insert into T_P_SHIRO_PERMIT (PERMIT_ID, MENU_RES_ID, ACTION_ID, TYPE_ID, PERMIT_ORDER)
values (588, 398, 2, 1, 1);
insert into T_P_SHIRO_PERMIT (PERMIT_ID, MENU_RES_ID, ACTION_ID, TYPE_ID, PERMIT_ORDER)
values (589, 398, 3, 1, 2);
insert into T_P_SHIRO_PERMIT (PERMIT_ID, MENU_RES_ID, ACTION_ID, TYPE_ID, PERMIT_ORDER)
values (590, 398, 4, 1, 3);
insert into T_P_SHIRO_PERMIT (PERMIT_ID, MENU_RES_ID, ACTION_ID, TYPE_ID, PERMIT_ORDER)
values (355, 340, 1, 1, 0);
insert into T_P_SHIRO_PERMIT (PERMIT_ID, MENU_RES_ID, ACTION_ID, TYPE_ID, PERMIT_ORDER)
values (356, 340, 2, 1, 1);
insert into T_P_SHIRO_PERMIT (PERMIT_ID, MENU_RES_ID, ACTION_ID, TYPE_ID, PERMIT_ORDER)
values (357, 340, 3, 1, 2);
insert into T_P_SHIRO_PERMIT (PERMIT_ID, MENU_RES_ID, ACTION_ID, TYPE_ID, PERMIT_ORDER)
values (358, 340, 4, 1, 3);
insert into T_P_SHIRO_PERMIT (PERMIT_ID, MENU_RES_ID, ACTION_ID, TYPE_ID, PERMIT_ORDER)
values (359, 341, 1, 1, 0);
insert into T_P_SHIRO_PERMIT (PERMIT_ID, MENU_RES_ID, ACTION_ID, TYPE_ID, PERMIT_ORDER)
values (420000689, 250562, 2, 1, null);
insert into T_P_SHIRO_PERMIT (PERMIT_ID, MENU_RES_ID, ACTION_ID, TYPE_ID, PERMIT_ORDER)
values (420000690, 250562, 3, 1, null);
insert into T_P_SHIRO_PERMIT (PERMIT_ID, MENU_RES_ID, ACTION_ID, TYPE_ID, PERMIT_ORDER)
values (420000691, 250562, 4, 1, null);
insert into T_P_SHIRO_PERMIT (PERMIT_ID, MENU_RES_ID, ACTION_ID, TYPE_ID, PERMIT_ORDER)
values (420000704, 250581, 1, 1, null);
insert into T_P_SHIRO_PERMIT (PERMIT_ID, MENU_RES_ID, ACTION_ID, TYPE_ID, PERMIT_ORDER)
values (420000705, 250581, 2, 1, null);
insert into T_P_SHIRO_PERMIT (PERMIT_ID, MENU_RES_ID, ACTION_ID, TYPE_ID, PERMIT_ORDER)
values (420000706, 250581, 3, 1, null);
insert into T_P_SHIRO_PERMIT (PERMIT_ID, MENU_RES_ID, ACTION_ID, TYPE_ID, PERMIT_ORDER)
values (420000707, 250581, 4, 1, null);
insert into T_P_SHIRO_PERMIT (PERMIT_ID, MENU_RES_ID, ACTION_ID, TYPE_ID, PERMIT_ORDER)
values (420000712, 250583, 1, 1, null);
insert into T_P_SHIRO_PERMIT (PERMIT_ID, MENU_RES_ID, ACTION_ID, TYPE_ID, PERMIT_ORDER)
values (420000713, 250583, 2, 1, null);
insert into T_P_SHIRO_PERMIT (PERMIT_ID, MENU_RES_ID, ACTION_ID, TYPE_ID, PERMIT_ORDER)
values (420000714, 250583, 3, 1, null);
insert into T_P_SHIRO_PERMIT (PERMIT_ID, MENU_RES_ID, ACTION_ID, TYPE_ID, PERMIT_ORDER)
values (100000192, 100143, 1, 1, null);
insert into T_P_SHIRO_PERMIT (PERMIT_ID, MENU_RES_ID, ACTION_ID, TYPE_ID, PERMIT_ORDER)
values (100000193, 100143, 2, 1, null);
insert into T_P_SHIRO_PERMIT (PERMIT_ID, MENU_RES_ID, ACTION_ID, TYPE_ID, PERMIT_ORDER)
values (100000194, 100143, 3, 1, null);
insert into T_P_SHIRO_PERMIT (PERMIT_ID, MENU_RES_ID, ACTION_ID, TYPE_ID, PERMIT_ORDER)
values (100000195, 100143, 4, 1, null);
insert into T_P_SHIRO_PERMIT (PERMIT_ID, MENU_RES_ID, ACTION_ID, TYPE_ID, PERMIT_ORDER)
values (100000196, 100144, 1, 1, null);
insert into T_P_SHIRO_PERMIT (PERMIT_ID, MENU_RES_ID, ACTION_ID, TYPE_ID, PERMIT_ORDER)
values (100000197, 100144, 2, 1, null);
insert into T_P_SHIRO_PERMIT (PERMIT_ID, MENU_RES_ID, ACTION_ID, TYPE_ID, PERMIT_ORDER)
values (100000198, 100144, 3, 1, null);
insert into T_P_SHIRO_PERMIT (PERMIT_ID, MENU_RES_ID, ACTION_ID, TYPE_ID, PERMIT_ORDER)
values (100000199, 100144, 4, 1, null);
insert into T_P_SHIRO_PERMIT (PERMIT_ID, MENU_RES_ID, ACTION_ID, TYPE_ID, PERMIT_ORDER)
values (420000715, 250583, 4, 1, null);
insert into T_P_SHIRO_PERMIT (PERMIT_ID, MENU_RES_ID, ACTION_ID, TYPE_ID, PERMIT_ORDER)
values (420000716, 250584, 1, 1, null);
insert into T_P_SHIRO_PERMIT (PERMIT_ID, MENU_RES_ID, ACTION_ID, TYPE_ID, PERMIT_ORDER)
values (420000717, 250584, 2, 1, null);
insert into T_P_SHIRO_PERMIT (PERMIT_ID, MENU_RES_ID, ACTION_ID, TYPE_ID, PERMIT_ORDER)
values (420000718, 250584, 3, 1, null);
insert into T_P_SHIRO_PERMIT (PERMIT_ID, MENU_RES_ID, ACTION_ID, TYPE_ID, PERMIT_ORDER)
values (420000719, 250584, 4, 1, null);
insert into T_P_SHIRO_PERMIT (PERMIT_ID, MENU_RES_ID, ACTION_ID, TYPE_ID, PERMIT_ORDER)
values (420000720, 250600, 1, 1, null);
insert into T_P_SHIRO_PERMIT (PERMIT_ID, MENU_RES_ID, ACTION_ID, TYPE_ID, PERMIT_ORDER)
values (420000721, 250600, 2, 1, null);
insert into T_P_SHIRO_PERMIT (PERMIT_ID, MENU_RES_ID, ACTION_ID, TYPE_ID, PERMIT_ORDER)
values (420000722, 250600, 3, 1, null);
insert into T_P_SHIRO_PERMIT (PERMIT_ID, MENU_RES_ID, ACTION_ID, TYPE_ID, PERMIT_ORDER)
values (420000723, 250600, 4, 1, null);
insert into T_P_SHIRO_PERMIT (PERMIT_ID, MENU_RES_ID, ACTION_ID, TYPE_ID, PERMIT_ORDER)
values (381, 346, 3, 1, 2);
insert into T_P_SHIRO_PERMIT (PERMIT_ID, MENU_RES_ID, ACTION_ID, TYPE_ID, PERMIT_ORDER)
values (335, 335, 1, 1, 0);
insert into T_P_SHIRO_PERMIT (PERMIT_ID, MENU_RES_ID, ACTION_ID, TYPE_ID, PERMIT_ORDER)
values (336, 335, 2, 1, 1);
insert into T_P_SHIRO_PERMIT (PERMIT_ID, MENU_RES_ID, ACTION_ID, TYPE_ID, PERMIT_ORDER)
values (337, 335, 3, 1, 2);
insert into T_P_SHIRO_PERMIT (PERMIT_ID, MENU_RES_ID, ACTION_ID, TYPE_ID, PERMIT_ORDER)
values (338, 335, 4, 1, 3);
insert into T_P_SHIRO_PERMIT (PERMIT_ID, MENU_RES_ID, ACTION_ID, TYPE_ID, PERMIT_ORDER)
values (339, 336, 1, 1, 0);
insert into T_P_SHIRO_PERMIT (PERMIT_ID, MENU_RES_ID, ACTION_ID, TYPE_ID, PERMIT_ORDER)
values (340, 336, 2, 1, 1);
insert into T_P_SHIRO_PERMIT (PERMIT_ID, MENU_RES_ID, ACTION_ID, TYPE_ID, PERMIT_ORDER)
values (341, 336, 3, 1, 2);
insert into T_P_SHIRO_PERMIT (PERMIT_ID, MENU_RES_ID, ACTION_ID, TYPE_ID, PERMIT_ORDER)
values (342, 336, 4, 1, 3);
insert into T_P_SHIRO_PERMIT (PERMIT_ID, MENU_RES_ID, ACTION_ID, TYPE_ID, PERMIT_ORDER)
values (343, 337, 1, 1, 0);
insert into T_P_SHIRO_PERMIT (PERMIT_ID, MENU_RES_ID, ACTION_ID, TYPE_ID, PERMIT_ORDER)
values (344, 337, 2, 1, 1);
insert into T_P_SHIRO_PERMIT (PERMIT_ID, MENU_RES_ID, ACTION_ID, TYPE_ID, PERMIT_ORDER)
values (345, 337, 3, 1, 2);
insert into T_P_SHIRO_PERMIT (PERMIT_ID, MENU_RES_ID, ACTION_ID, TYPE_ID, PERMIT_ORDER)
values (346, 337, 4, 1, 3);
insert into T_P_SHIRO_PERMIT (PERMIT_ID, MENU_RES_ID, ACTION_ID, TYPE_ID, PERMIT_ORDER)
values (347, 338, 1, 1, 0);
insert into T_P_SHIRO_PERMIT (PERMIT_ID, MENU_RES_ID, ACTION_ID, TYPE_ID, PERMIT_ORDER)
values (420000668, 250542, 1, 1, null);
insert into T_P_SHIRO_PERMIT (PERMIT_ID, MENU_RES_ID, ACTION_ID, TYPE_ID, PERMIT_ORDER)
values (420000661, 250540, 2, 1, null);
insert into T_P_SHIRO_PERMIT (PERMIT_ID, MENU_RES_ID, ACTION_ID, TYPE_ID, PERMIT_ORDER)
values (420000662, 250540, 3, 1, null);
insert into T_P_SHIRO_PERMIT (PERMIT_ID, MENU_RES_ID, ACTION_ID, TYPE_ID, PERMIT_ORDER)
values (420000663, 250540, 4, 1, null);
insert into T_P_SHIRO_PERMIT (PERMIT_ID, MENU_RES_ID, ACTION_ID, TYPE_ID, PERMIT_ORDER)
values (420000664, 250541, 1, 1, null);
insert into T_P_SHIRO_PERMIT (PERMIT_ID, MENU_RES_ID, ACTION_ID, TYPE_ID, PERMIT_ORDER)
values (420000665, 250541, 2, 1, null);
insert into T_P_SHIRO_PERMIT (PERMIT_ID, MENU_RES_ID, ACTION_ID, TYPE_ID, PERMIT_ORDER)
values (420000666, 250541, 3, 1, null);
insert into T_P_SHIRO_PERMIT (PERMIT_ID, MENU_RES_ID, ACTION_ID, TYPE_ID, PERMIT_ORDER)
values (420000667, 250541, 4, 1, null);
insert into T_P_SHIRO_PERMIT (PERMIT_ID, MENU_RES_ID, ACTION_ID, TYPE_ID, PERMIT_ORDER)
values (420000700, 250580, 1, 1, null);
insert into T_P_SHIRO_PERMIT (PERMIT_ID, MENU_RES_ID, ACTION_ID, TYPE_ID, PERMIT_ORDER)
values (420000701, 250580, 2, 1, null);
insert into T_P_SHIRO_PERMIT (PERMIT_ID, MENU_RES_ID, ACTION_ID, TYPE_ID, PERMIT_ORDER)
values (420000702, 250580, 3, 1, null);
insert into T_P_SHIRO_PERMIT (PERMIT_ID, MENU_RES_ID, ACTION_ID, TYPE_ID, PERMIT_ORDER)
values (420000703, 250580, 4, 1, null);
insert into T_P_SHIRO_PERMIT (PERMIT_ID, MENU_RES_ID, ACTION_ID, TYPE_ID, PERMIT_ORDER)
values (420000708, 250582, 1, 1, null);
insert into T_P_SHIRO_PERMIT (PERMIT_ID, MENU_RES_ID, ACTION_ID, TYPE_ID, PERMIT_ORDER)
values (420000709, 250582, 2, 1, null);
insert into T_P_SHIRO_PERMIT (PERMIT_ID, MENU_RES_ID, ACTION_ID, TYPE_ID, PERMIT_ORDER)
values (420000710, 250582, 3, 1, null);
insert into T_P_SHIRO_PERMIT (PERMIT_ID, MENU_RES_ID, ACTION_ID, TYPE_ID, PERMIT_ORDER)
values (420000711, 250582, 4, 1, null);
insert into T_P_SHIRO_PERMIT (PERMIT_ID, MENU_RES_ID, ACTION_ID, TYPE_ID, PERMIT_ORDER)
values (420000660, 250540, 1, 1, null);
insert into T_P_SHIRO_PERMIT (PERMIT_ID, MENU_RES_ID, ACTION_ID, TYPE_ID, PERMIT_ORDER)
values (420000740, 250620, 1, 1, null);
insert into T_P_SHIRO_PERMIT (PERMIT_ID, MENU_RES_ID, ACTION_ID, TYPE_ID, PERMIT_ORDER)
values (420000741, 250620, 2, 1, null);
insert into T_P_SHIRO_PERMIT (PERMIT_ID, MENU_RES_ID, ACTION_ID, TYPE_ID, PERMIT_ORDER)
values (420000742, 250620, 3, 1, null);
insert into T_P_SHIRO_PERMIT (PERMIT_ID, MENU_RES_ID, ACTION_ID, TYPE_ID, PERMIT_ORDER)
values (420000743, 250620, 4, 1, null);
insert into T_P_SHIRO_PERMIT (PERMIT_ID, MENU_RES_ID, ACTION_ID, TYPE_ID, PERMIT_ORDER)
values (420000744, 250621, 1, 1, null);
insert into T_P_SHIRO_PERMIT (PERMIT_ID, MENU_RES_ID, ACTION_ID, TYPE_ID, PERMIT_ORDER)
values (420000745, 250621, 2, 1, null);
insert into T_P_SHIRO_PERMIT (PERMIT_ID, MENU_RES_ID, ACTION_ID, TYPE_ID, PERMIT_ORDER)
values (420000746, 250621, 3, 1, null);
insert into T_P_SHIRO_PERMIT (PERMIT_ID, MENU_RES_ID, ACTION_ID, TYPE_ID, PERMIT_ORDER)
values (420000747, 250621, 4, 1, null);
insert into T_P_SHIRO_PERMIT (PERMIT_ID, MENU_RES_ID, ACTION_ID, TYPE_ID, PERMIT_ORDER)
values (420000748, 250622, 1, 1, null);
insert into T_P_SHIRO_PERMIT (PERMIT_ID, MENU_RES_ID, ACTION_ID, TYPE_ID, PERMIT_ORDER)
values (420000749, 250622, 2, 1, null);
insert into T_P_SHIRO_PERMIT (PERMIT_ID, MENU_RES_ID, ACTION_ID, TYPE_ID, PERMIT_ORDER)
values (420000750, 250622, 3, 1, null);
insert into T_P_SHIRO_PERMIT (PERMIT_ID, MENU_RES_ID, ACTION_ID, TYPE_ID, PERMIT_ORDER)
values (420000751, 250622, 4, 1, null);
insert into T_P_SHIRO_PERMIT (PERMIT_ID, MENU_RES_ID, ACTION_ID, TYPE_ID, PERMIT_ORDER)
values (420000752, 250623, 1, 1, null);
insert into T_P_SHIRO_PERMIT (PERMIT_ID, MENU_RES_ID, ACTION_ID, TYPE_ID, PERMIT_ORDER)
values (420000753, 250623, 2, 1, null);
insert into T_P_SHIRO_PERMIT (PERMIT_ID, MENU_RES_ID, ACTION_ID, TYPE_ID, PERMIT_ORDER)
values (420000754, 250623, 3, 1, null);
insert into T_P_SHIRO_PERMIT (PERMIT_ID, MENU_RES_ID, ACTION_ID, TYPE_ID, PERMIT_ORDER)
values (420000755, 250623, 4, 1, null);
insert into T_P_SHIRO_PERMIT (PERMIT_ID, MENU_RES_ID, ACTION_ID, TYPE_ID, PERMIT_ORDER)
values (420000760, 250640, 1, 1, null);
insert into T_P_SHIRO_PERMIT (PERMIT_ID, MENU_RES_ID, ACTION_ID, TYPE_ID, PERMIT_ORDER)
values (420000761, 250640, 2, 1, null);
insert into T_P_SHIRO_PERMIT (PERMIT_ID, MENU_RES_ID, ACTION_ID, TYPE_ID, PERMIT_ORDER)
values (420000762, 250640, 3, 1, null);
insert into T_P_SHIRO_PERMIT (PERMIT_ID, MENU_RES_ID, ACTION_ID, TYPE_ID, PERMIT_ORDER)
values (420000763, 250640, 4, 1, null);
insert into T_P_SHIRO_PERMIT (PERMIT_ID, MENU_RES_ID, ACTION_ID, TYPE_ID, PERMIT_ORDER)
values (420000780, 250660, 1, 1, null);
insert into T_P_SHIRO_PERMIT (PERMIT_ID, MENU_RES_ID, ACTION_ID, TYPE_ID, PERMIT_ORDER)
values (420000781, 250660, 2, 1, null);
insert into T_P_SHIRO_PERMIT (PERMIT_ID, MENU_RES_ID, ACTION_ID, TYPE_ID, PERMIT_ORDER)
values (420000782, 250660, 3, 1, null);
insert into T_P_SHIRO_PERMIT (PERMIT_ID, MENU_RES_ID, ACTION_ID, TYPE_ID, PERMIT_ORDER)
values (420000783, 250660, 4, 1, null);
insert into T_P_SHIRO_PERMIT (PERMIT_ID, MENU_RES_ID, ACTION_ID, TYPE_ID, PERMIT_ORDER)
values (420000820, 250700, 1, 1, null);
insert into T_P_SHIRO_PERMIT (PERMIT_ID, MENU_RES_ID, ACTION_ID, TYPE_ID, PERMIT_ORDER)
values (420000821, 250700, 2, 1, null);
insert into T_P_SHIRO_PERMIT (PERMIT_ID, MENU_RES_ID, ACTION_ID, TYPE_ID, PERMIT_ORDER)
values (420000822, 250700, 3, 1, null);
insert into T_P_SHIRO_PERMIT (PERMIT_ID, MENU_RES_ID, ACTION_ID, TYPE_ID, PERMIT_ORDER)
values (420000823, 250700, 4, 1, null);
insert into T_P_SHIRO_PERMIT (PERMIT_ID, MENU_RES_ID, ACTION_ID, TYPE_ID, PERMIT_ORDER)
values (420000844, 250721, 1, 1, null);
insert into T_P_SHIRO_PERMIT (PERMIT_ID, MENU_RES_ID, ACTION_ID, TYPE_ID, PERMIT_ORDER)
values (420000845, 250721, 2, 1, null);
insert into T_P_SHIRO_PERMIT (PERMIT_ID, MENU_RES_ID, ACTION_ID, TYPE_ID, PERMIT_ORDER)
values (420000846, 250721, 3, 1, null);
insert into T_P_SHIRO_PERMIT (PERMIT_ID, MENU_RES_ID, ACTION_ID, TYPE_ID, PERMIT_ORDER)
values (420000847, 250721, 4, 1, null);
insert into T_P_SHIRO_PERMIT (PERMIT_ID, MENU_RES_ID, ACTION_ID, TYPE_ID, PERMIT_ORDER)
values (420000848, 250722, 1, 1, null);
insert into T_P_SHIRO_PERMIT (PERMIT_ID, MENU_RES_ID, ACTION_ID, TYPE_ID, PERMIT_ORDER)
values (420000849, 250722, 2, 1, null);
insert into T_P_SHIRO_PERMIT (PERMIT_ID, MENU_RES_ID, ACTION_ID, TYPE_ID, PERMIT_ORDER)
values (420000850, 250722, 3, 1, null);
insert into T_P_SHIRO_PERMIT (PERMIT_ID, MENU_RES_ID, ACTION_ID, TYPE_ID, PERMIT_ORDER)
values (420000851, 250722, 4, 1, null);
insert into T_P_SHIRO_PERMIT (PERMIT_ID, MENU_RES_ID, ACTION_ID, TYPE_ID, PERMIT_ORDER)
values (420000860, 250740, 5, 2, null);
insert into T_P_SHIRO_PERMIT (PERMIT_ID, MENU_RES_ID, ACTION_ID, TYPE_ID, PERMIT_ORDER)
values (420000861, 250741, 5, 2, null);
insert into T_P_SHIRO_PERMIT (PERMIT_ID, MENU_RES_ID, ACTION_ID, TYPE_ID, PERMIT_ORDER)
values (420000840, 250720, 1, 1, null);
insert into T_P_SHIRO_PERMIT (PERMIT_ID, MENU_RES_ID, ACTION_ID, TYPE_ID, PERMIT_ORDER)
values (420000841, 250720, 2, 1, null);
insert into T_P_SHIRO_PERMIT (PERMIT_ID, MENU_RES_ID, ACTION_ID, TYPE_ID, PERMIT_ORDER)
values (420000842, 250720, 3, 1, null);
insert into T_P_SHIRO_PERMIT (PERMIT_ID, MENU_RES_ID, ACTION_ID, TYPE_ID, PERMIT_ORDER)
values (420000843, 250720, 4, 1, null);
insert into T_P_SHIRO_PERMIT (PERMIT_ID, MENU_RES_ID, ACTION_ID, TYPE_ID, PERMIT_ORDER)
values (420000880, 250760, 5, 2, null);
insert into T_P_SHIRO_PERMIT (PERMIT_ID, MENU_RES_ID, ACTION_ID, TYPE_ID, PERMIT_ORDER)
values (420000804, 250681, 1, 1, null);
insert into T_P_SHIRO_PERMIT (PERMIT_ID, MENU_RES_ID, ACTION_ID, TYPE_ID, PERMIT_ORDER)
values (420000805, 250681, 2, 1, null);
insert into T_P_SHIRO_PERMIT (PERMIT_ID, MENU_RES_ID, ACTION_ID, TYPE_ID, PERMIT_ORDER)
values (420000806, 250681, 3, 1, null);
insert into T_P_SHIRO_PERMIT (PERMIT_ID, MENU_RES_ID, ACTION_ID, TYPE_ID, PERMIT_ORDER)
values (420000807, 250681, 4, 1, null);
insert into T_P_SHIRO_PERMIT (PERMIT_ID, MENU_RES_ID, ACTION_ID, TYPE_ID, PERMIT_ORDER)
values (420000900, 250780, 1, 1, null);
insert into T_P_SHIRO_PERMIT (PERMIT_ID, MENU_RES_ID, ACTION_ID, TYPE_ID, PERMIT_ORDER)
values (420000901, 250780, 2, 1, null);
insert into T_P_SHIRO_PERMIT (PERMIT_ID, MENU_RES_ID, ACTION_ID, TYPE_ID, PERMIT_ORDER)
values (420000902, 250780, 3, 1, null);
insert into T_P_SHIRO_PERMIT (PERMIT_ID, MENU_RES_ID, ACTION_ID, TYPE_ID, PERMIT_ORDER)
values (420000903, 250780, 4, 1, null);
insert into T_P_SHIRO_PERMIT (PERMIT_ID, MENU_RES_ID, ACTION_ID, TYPE_ID, PERMIT_ORDER)
values (420000920, 250800, 1, 1, null);
insert into T_P_SHIRO_PERMIT (PERMIT_ID, MENU_RES_ID, ACTION_ID, TYPE_ID, PERMIT_ORDER)
values (420000921, 250800, 2, 1, null);
insert into T_P_SHIRO_PERMIT (PERMIT_ID, MENU_RES_ID, ACTION_ID, TYPE_ID, PERMIT_ORDER)
values (420000922, 250800, 3, 1, null);
insert into T_P_SHIRO_PERMIT (PERMIT_ID, MENU_RES_ID, ACTION_ID, TYPE_ID, PERMIT_ORDER)
values (420000923, 250800, 4, 1, null);
commit;
prompt 183 records loaded
prompt Loading T_P_SHIRO_RES_TYPE...
insert into T_P_SHIRO_RES_TYPE (TYPE_ID, TYPE_NAME, REMARK)
values (1, '菜单', '菜单类型');
insert into T_P_SHIRO_RES_TYPE (TYPE_ID, TYPE_NAME, REMARK)
values (2, 'URL', 'URL类型');
commit;
prompt 2 records loaded
prompt Loading T_P_SHIRO_RES...
insert into T_P_SHIRO_RES (MENU_RES_ID, MENU_NAME, ACTION_NAME, P_MENU_RES_ID, TYPE_ID, ORDER_ID, DSC)
values (250820, '按客户兑换量统计', '../report/customerSum.do', 250600, 1, 1, null);
insert into T_P_SHIRO_RES (MENU_RES_ID, MENU_NAME, ACTION_NAME, P_MENU_RES_ID, TYPE_ID, ORDER_ID, DSC)
values (250821, '按客户兑换量统计', '../report/customerSum.do', 250581, 1, 13, null);
insert into T_P_SHIRO_RES (MENU_RES_ID, MENU_NAME, ACTION_NAME, P_MENU_RES_ID, TYPE_ID, ORDER_ID, DSC)
values (250680, '常规商户复核', '../merchantbasereview/list.do', 341, 1, 5, '常规商户复核');
insert into T_P_SHIRO_RES (MENU_RES_ID, MENU_NAME, ACTION_NAME, P_MENU_RES_ID, TYPE_ID, ORDER_ID, DSC)
values (250682, '优惠活动复核', '../activityreview/list.do', 341, 1, 7, '优惠活动复核');
insert into T_P_SHIRO_RES (MENU_RES_ID, MENU_NAME, ACTION_NAME, P_MENU_RES_ID, TYPE_ID, ORDER_ID, DSC)
values (250560, '客户信息管理', '../customerinfo/list.do', 250540, 1, 2, null);
insert into T_P_SHIRO_RES (MENU_RES_ID, MENU_NAME, ACTION_NAME, P_MENU_RES_ID, TYPE_ID, ORDER_ID, DSC)
values (250561, '尊享积分兑换', null, 0, 1, 5, null);
insert into T_P_SHIRO_RES (MENU_RES_ID, MENU_NAME, ACTION_NAME, P_MENU_RES_ID, TYPE_ID, ORDER_ID, DSC)
values (250562, '尊享积分兑换交易', '../business/list.do', 250561, 1, 1, null);
insert into T_P_SHIRO_RES (MENU_RES_ID, MENU_NAME, ACTION_NAME, P_MENU_RES_ID, TYPE_ID, ORDER_ID, DSC)
values (250581, '报表管理', null, 0, 1, 12, '报表管理');
insert into T_P_SHIRO_RES (MENU_RES_ID, MENU_NAME, ACTION_NAME, P_MENU_RES_ID, TYPE_ID, ORDER_ID, DSC)
values (250583, '每月汇总报表', '../report/gathermonth.do', 250581, 1, 2, '每月汇总报表');
insert into T_P_SHIRO_RES (MENU_RES_ID, MENU_NAME, ACTION_NAME, P_MENU_RES_ID, TYPE_ID, ORDER_ID, DSC)
values (250584, '明细报表', '../report/gatherdetail.do', 250581, 1, 3, '明细报表');
insert into T_P_SHIRO_RES (MENU_RES_ID, MENU_NAME, ACTION_NAME, P_MENU_RES_ID, TYPE_ID, ORDER_ID, DSC)
values (250600, '按管辖支行兑换量统计报表', '../report/tranTjByZbank.do', 250581, 1, 4, null);
insert into T_P_SHIRO_RES (MENU_RES_ID, MENU_NAME, ACTION_NAME, P_MENU_RES_ID, TYPE_ID, ORDER_ID, DSC)
values (250542, '积分活动管理', '../activity/list.do', 250540, 1, 2, null);
insert into T_P_SHIRO_RES (MENU_RES_ID, MENU_NAME, ACTION_NAME, P_MENU_RES_ID, TYPE_ID, ORDER_ID, DSC)
values (250540, '优惠兑换', null, 0, 1, 10, null);
insert into T_P_SHIRO_RES (MENU_RES_ID, MENU_NAME, ACTION_NAME, P_MENU_RES_ID, TYPE_ID, ORDER_ID, DSC)
values (250541, '商户产品管理', '../merchantenjoy/list.do', 250540, 1, 1, null);
insert into T_P_SHIRO_RES (MENU_RES_ID, MENU_NAME, ACTION_NAME, P_MENU_RES_ID, TYPE_ID, ORDER_ID, DSC)
values (250580, '成功交易撤销管理', '../tranlist/list.do', 250561, 1, 2, null);
insert into T_P_SHIRO_RES (MENU_RES_ID, MENU_NAME, ACTION_NAME, P_MENU_RES_ID, TYPE_ID, ORDER_ID, DSC)
values (250582, '每日汇总报表', '../report/gatherday.do', 250581, 1, 1, null);
insert into T_P_SHIRO_RES (MENU_RES_ID, MENU_NAME, ACTION_NAME, P_MENU_RES_ID, TYPE_ID, ORDER_ID, DSC)
values (100143, '常规兑换', null, 0, 1, 9, null);
insert into T_P_SHIRO_RES (MENU_RES_ID, MENU_NAME, ACTION_NAME, P_MENU_RES_ID, TYPE_ID, ORDER_ID, DSC)
values (100144, '商户产品管理', '../merchantbase/list.do', 100143, 1, 1, null);
insert into T_P_SHIRO_RES (MENU_RES_ID, MENU_NAME, ACTION_NAME, P_MENU_RES_ID, TYPE_ID, ORDER_ID, DSC)
values (335, '权限字典', null, 0, 1, 1, null);
insert into T_P_SHIRO_RES (MENU_RES_ID, MENU_NAME, ACTION_NAME, P_MENU_RES_ID, TYPE_ID, ORDER_ID, DSC)
values (336, '资源类型', '../restype/list.do', 335, 1, 0, null);
insert into T_P_SHIRO_RES (MENU_RES_ID, MENU_NAME, ACTION_NAME, P_MENU_RES_ID, TYPE_ID, ORDER_ID, DSC)
values (337, '动作管理', '../action/list.do', 335, 1, 1, null);
insert into T_P_SHIRO_RES (MENU_RES_ID, MENU_NAME, ACTION_NAME, P_MENU_RES_ID, TYPE_ID, ORDER_ID, DSC)
values (338, '资源管理', '../res/list.do', 335, 1, 2, null);
insert into T_P_SHIRO_RES (MENU_RES_ID, MENU_NAME, ACTION_NAME, P_MENU_RES_ID, TYPE_ID, ORDER_ID, DSC)
values (339, '许可管理', '../permit/list.do', 335, 1, 3, null);
insert into T_P_SHIRO_RES (MENU_RES_ID, MENU_NAME, ACTION_NAME, P_MENU_RES_ID, TYPE_ID, ORDER_ID, DSC)
values (340, '控制类型', '../filtertype/list.do', 335, 1, 4, null);
insert into T_P_SHIRO_RES (MENU_RES_ID, MENU_NAME, ACTION_NAME, P_MENU_RES_ID, TYPE_ID, ORDER_ID, DSC)
values (341, '权限管理', null, 0, 1, 2, null);
insert into T_P_SHIRO_RES (MENU_RES_ID, MENU_NAME, ACTION_NAME, P_MENU_RES_ID, TYPE_ID, ORDER_ID, DSC)
values (342, '机构管理', '../org/list.do', 341, 1, 0, null);
insert into T_P_SHIRO_RES (MENU_RES_ID, MENU_NAME, ACTION_NAME, P_MENU_RES_ID, TYPE_ID, ORDER_ID, DSC)
values (343, '角色管理', '../role/list.do', 341, 1, 1, null);
insert into T_P_SHIRO_RES (MENU_RES_ID, MENU_NAME, ACTION_NAME, P_MENU_RES_ID, TYPE_ID, ORDER_ID, DSC)
values (344, '资源权限分配', '../res/resource2Role.do', 341, 1, 2, null);
insert into T_P_SHIRO_RES (MENU_RES_ID, MENU_NAME, ACTION_NAME, P_MENU_RES_ID, TYPE_ID, ORDER_ID, DSC)
values (345, '用户分组', '../usergrp/list.do', 341, 1, 3, null);
insert into T_P_SHIRO_RES (MENU_RES_ID, MENU_NAME, ACTION_NAME, P_MENU_RES_ID, TYPE_ID, ORDER_ID, DSC)
values (346, '用户管理', '../user/list.do', 341, 1, 4, null);
insert into T_P_SHIRO_RES (MENU_RES_ID, MENU_NAME, ACTION_NAME, P_MENU_RES_ID, TYPE_ID, ORDER_ID, DSC)
values (396, '稽核日志查询', null, 0, 1, 18, null);
insert into T_P_SHIRO_RES (MENU_RES_ID, MENU_NAME, ACTION_NAME, P_MENU_RES_ID, TYPE_ID, ORDER_ID, DSC)
values (398, '营销平台稽核日志查询', '../operationloginfo/hhap2List.do', 396, 1, 0, null);
insert into T_P_SHIRO_RES (MENU_RES_ID, MENU_NAME, ACTION_NAME, P_MENU_RES_ID, TYPE_ID, ORDER_ID, DSC)
values (250621, '按商户兑换量统计', '../report/tranTjByMer.do', 250581, 1, 6, null);
insert into T_P_SHIRO_RES (MENU_RES_ID, MENU_NAME, ACTION_NAME, P_MENU_RES_ID, TYPE_ID, ORDER_ID, DSC)
values (250622, '按商品兑换量统计', '../report/tranTjByProduct.do', 250581, 1, 7, null);
insert into T_P_SHIRO_RES (MENU_RES_ID, MENU_NAME, ACTION_NAME, P_MENU_RES_ID, TYPE_ID, ORDER_ID, DSC)
values (250623, '按活动统计兑换量', '../report/tranTjByActivity.do', 250581, 1, 8, null);
insert into T_P_SHIRO_RES (MENU_RES_ID, MENU_NAME, ACTION_NAME, P_MENU_RES_ID, TYPE_ID, ORDER_ID, DSC)
values (250620, '按网点支行兑换量统计', '../report/tranTjByBank.do', 250581, 1, 5, null);
insert into T_P_SHIRO_RES (MENU_RES_ID, MENU_NAME, ACTION_NAME, P_MENU_RES_ID, TYPE_ID, ORDER_ID, DSC)
values (250640, '可兑换活动列表', '../activity/listAllActivity.do', 250561, 1, 4, null);
insert into T_P_SHIRO_RES (MENU_RES_ID, MENU_NAME, ACTION_NAME, P_MENU_RES_ID, TYPE_ID, ORDER_ID, DSC)
values (250660, '重新打印兑换确认单', '../tranlist/listPrint.do', 250561, 1, 3, null);
insert into T_P_SHIRO_RES (MENU_RES_ID, MENU_NAME, ACTION_NAME, P_MENU_RES_ID, TYPE_ID, ORDER_ID, DSC)
values (250700, '每日积分可兑换报表', '../convertibleservicereport/list.do', 250581, 1, 9, '每日积分可兑换报表');
insert into T_P_SHIRO_RES (MENU_RES_ID, MENU_NAME, ACTION_NAME, P_MENU_RES_ID, TYPE_ID, ORDER_ID, DSC)
values (250721, '机构兑换汇总报表', '../orgchangesumreport/list.do', 250581, 1, 11, '机构兑换汇总报表');
insert into T_P_SHIRO_RES (MENU_RES_ID, MENU_NAME, ACTION_NAME, P_MENU_RES_ID, TYPE_ID, ORDER_ID, DSC)
values (250722, '供应商兑换报表', '../supplierchangereport/list.do', 250581, 1, 12, '供应商兑换报表');
insert into T_P_SHIRO_RES (MENU_RES_ID, MENU_NAME, ACTION_NAME, P_MENU_RES_ID, TYPE_ID, ORDER_ID, DSC)
values (250740, '积分活动管理', null, 0, 2, 19, '积分活动管理');
insert into T_P_SHIRO_RES (MENU_RES_ID, MENU_NAME, ACTION_NAME, P_MENU_RES_ID, TYPE_ID, ORDER_ID, DSC)
values (250741, '活动编辑', '../activity/edit.do', 250740, 2, 1, '活动编辑');
insert into T_P_SHIRO_RES (MENU_RES_ID, MENU_NAME, ACTION_NAME, P_MENU_RES_ID, TYPE_ID, ORDER_ID, DSC)
values (250720, '机构兑换明细报表', '../orgchangemxreport/list.do', 250581, 1, 10, '机构兑换明细报表');
insert into T_P_SHIRO_RES (MENU_RES_ID, MENU_NAME, ACTION_NAME, P_MENU_RES_ID, TYPE_ID, ORDER_ID, DSC)
values (250760, '积分管理', null, 0, 2, 20, '积分管理');
insert into T_P_SHIRO_RES (MENU_RES_ID, MENU_NAME, ACTION_NAME, P_MENU_RES_ID, TYPE_ID, ORDER_ID, DSC)
values (250681, '优惠商户复核', '../merchantenjoyreview/list.do', 341, 1, 6, '优惠商户复核');
insert into T_P_SHIRO_RES (MENU_RES_ID, MENU_NAME, ACTION_NAME, P_MENU_RES_ID, TYPE_ID, ORDER_ID, DSC)
values (250800, '状态未明交易查询管理', '../tranquery/list.do', 250561, 1, 5, null);
commit;
prompt 47 records loaded
prompt Loading T_P_SHIRO_RESTYPE_ACTION...
insert into T_P_SHIRO_RESTYPE_ACTION (TYPE_ID, ACTION_ID)
values (1, 1);
insert into T_P_SHIRO_RESTYPE_ACTION (TYPE_ID, ACTION_ID)
values (1, 2);
insert into T_P_SHIRO_RESTYPE_ACTION (TYPE_ID, ACTION_ID)
values (1, 3);
insert into T_P_SHIRO_RESTYPE_ACTION (TYPE_ID, ACTION_ID)
values (1, 4);
insert into T_P_SHIRO_RESTYPE_ACTION (TYPE_ID, ACTION_ID)
values (2, 5);
commit;
prompt 5 records loaded
prompt Loading T_P_SHIRO_ROLE...
insert into T_P_SHIRO_ROLE (ROLE_ID, ROLE_NAME, DSC)
values (1, '系统管理员角色', '系统管理员角色');
insert into T_P_SHIRO_ROLE (ROLE_ID, ROLE_NAME, DSC)
values (2, '超级管理员角色', '超级管理员角色');
insert into T_P_SHIRO_ROLE (ROLE_ID, ROLE_NAME, DSC)
values (60080, '一级行角色', '一级行角色');
insert into T_P_SHIRO_ROLE (ROLE_ID, ROLE_NAME, DSC)
values (60081, '二级行角色', '二级行角色');
commit;
prompt 4 records loaded
prompt Loading T_P_SHIRO_ROLE_PERMIT...
insert into T_P_SHIRO_ROLE_PERMIT (ROLE_PERMIT_ID, PERMIT_ID, ROLE_ID, SORT)
values (3202480, 420000944, 1, null);
insert into T_P_SHIRO_ROLE_PERMIT (ROLE_PERMIT_ID, PERMIT_ID, ROLE_ID, SORT)
values (3202481, 420000944, 2, null);
insert into T_P_SHIRO_ROLE_PERMIT (ROLE_PERMIT_ID, PERMIT_ID, ROLE_ID, SORT)
values (3202482, 420000946, 1, null);
insert into T_P_SHIRO_ROLE_PERMIT (ROLE_PERMIT_ID, PERMIT_ID, ROLE_ID, SORT)
values (3202483, 420000946, 2, null);
insert into T_P_SHIRO_ROLE_PERMIT (ROLE_PERMIT_ID, PERMIT_ID, ROLE_ID, SORT)
values (3202404, 420000746, 1, null);
insert into T_P_SHIRO_ROLE_PERMIT (ROLE_PERMIT_ID, PERMIT_ID, ROLE_ID, SORT)
values (3202405, 420000746, 2, null);
insert into T_P_SHIRO_ROLE_PERMIT (ROLE_PERMIT_ID, PERMIT_ID, ROLE_ID, SORT)
values (3202340, 359, 1, null);
insert into T_P_SHIRO_ROLE_PERMIT (ROLE_PERMIT_ID, PERMIT_ID, ROLE_ID, SORT)
values (3202416, 420000706, 60080, null);
insert into T_P_SHIRO_ROLE_PERMIT (ROLE_PERMIT_ID, PERMIT_ID, ROLE_ID, SORT)
values (3202417, 420000704, 60080, null);
insert into T_P_SHIRO_ROLE_PERMIT (ROLE_PERMIT_ID, PERMIT_ID, ROLE_ID, SORT)
values (3202341, 359, 2, null);
insert into T_P_SHIRO_ROLE_PERMIT (ROLE_PERMIT_ID, PERMIT_ID, ROLE_ID, SORT)
values (3202342, 359, 60080, null);
insert into T_P_SHIRO_ROLE_PERMIT (ROLE_PERMIT_ID, PERMIT_ID, ROLE_ID, SORT)
values (3201944, 100000196, 1, null);
insert into T_P_SHIRO_ROLE_PERMIT (ROLE_PERMIT_ID, PERMIT_ID, ROLE_ID, SORT)
values (3201945, 100000196, 2, null);
insert into T_P_SHIRO_ROLE_PERMIT (ROLE_PERMIT_ID, PERMIT_ID, ROLE_ID, SORT)
values (3201885, 368, 2, null);
insert into T_P_SHIRO_ROLE_PERMIT (ROLE_PERMIT_ID, PERMIT_ID, ROLE_ID, SORT)
values (3202343, 359, 60081, null);
insert into T_P_SHIRO_ROLE_PERMIT (ROLE_PERMIT_ID, PERMIT_ID, ROLE_ID, SORT)
values (3202344, 361, 1, null);
insert into T_P_SHIRO_ROLE_PERMIT (ROLE_PERMIT_ID, PERMIT_ID, ROLE_ID, SORT)
values (3202345, 361, 2, null);
insert into T_P_SHIRO_ROLE_PERMIT (ROLE_PERMIT_ID, PERMIT_ID, ROLE_ID, SORT)
values (3202346, 361, 60080, null);
insert into T_P_SHIRO_ROLE_PERMIT (ROLE_PERMIT_ID, PERMIT_ID, ROLE_ID, SORT)
values (3202412, 420000754, 1, null);
insert into T_P_SHIRO_ROLE_PERMIT (ROLE_PERMIT_ID, PERMIT_ID, ROLE_ID, SORT)
values (3202347, 361, 60081, null);
insert into T_P_SHIRO_ROLE_PERMIT (ROLE_PERMIT_ID, PERMIT_ID, ROLE_ID, SORT)
values (3202348, 379, 1, null);
insert into T_P_SHIRO_ROLE_PERMIT (ROLE_PERMIT_ID, PERMIT_ID, ROLE_ID, SORT)
values (3202418, 420000710, 60080, null);
insert into T_P_SHIRO_ROLE_PERMIT (ROLE_PERMIT_ID, PERMIT_ID, ROLE_ID, SORT)
values (3202419, 420000708, 60080, null);
insert into T_P_SHIRO_ROLE_PERMIT (ROLE_PERMIT_ID, PERMIT_ID, ROLE_ID, SORT)
values (3202349, 379, 2, null);
insert into T_P_SHIRO_ROLE_PERMIT (ROLE_PERMIT_ID, PERMIT_ID, ROLE_ID, SORT)
values (3202209, 420000844, 1, null);
insert into T_P_SHIRO_ROLE_PERMIT (ROLE_PERMIT_ID, PERMIT_ID, ROLE_ID, SORT)
values (3202350, 379, 60080, null);
insert into T_P_SHIRO_ROLE_PERMIT (ROLE_PERMIT_ID, PERMIT_ID, ROLE_ID, SORT)
values (3202351, 379, 60081, null);
insert into T_P_SHIRO_ROLE_PERMIT (ROLE_PERMIT_ID, PERMIT_ID, ROLE_ID, SORT)
values (3202352, 381, 1, null);
insert into T_P_SHIRO_ROLE_PERMIT (ROLE_PERMIT_ID, PERMIT_ID, ROLE_ID, SORT)
values (3201784, 100000192, 1, null);
insert into T_P_SHIRO_ROLE_PERMIT (ROLE_PERMIT_ID, PERMIT_ID, ROLE_ID, SORT)
values (3201785, 100000192, 2, null);
insert into T_P_SHIRO_ROLE_PERMIT (ROLE_PERMIT_ID, PERMIT_ID, ROLE_ID, SORT)
values (3202353, 381, 2, null);
insert into T_P_SHIRO_ROLE_PERMIT (ROLE_PERMIT_ID, PERMIT_ID, ROLE_ID, SORT)
values (3202354, 381, 60080, null);
insert into T_P_SHIRO_ROLE_PERMIT (ROLE_PERMIT_ID, PERMIT_ID, ROLE_ID, SORT)
values (3201710, 420000706, 1, null);
insert into T_P_SHIRO_ROLE_PERMIT (ROLE_PERMIT_ID, PERMIT_ID, ROLE_ID, SORT)
values (3201711, 420000706, 2, null);
insert into T_P_SHIRO_ROLE_PERMIT (ROLE_PERMIT_ID, PERMIT_ID, ROLE_ID, SORT)
values (3201825, 340, 2, null);
insert into T_P_SHIRO_ROLE_PERMIT (ROLE_PERMIT_ID, PERMIT_ID, ROLE_ID, SORT)
values (3202355, 381, 60081, null);
insert into T_P_SHIRO_ROLE_PERMIT (ROLE_PERMIT_ID, PERMIT_ID, ROLE_ID, SORT)
values (3201904, 375, 1, null);
insert into T_P_SHIRO_ROLE_PERMIT (ROLE_PERMIT_ID, PERMIT_ID, ROLE_ID, SORT)
values (3201905, 375, 2, null);
insert into T_P_SHIRO_ROLE_PERMIT (ROLE_PERMIT_ID, PERMIT_ID, ROLE_ID, SORT)
values (3201925, 420000688, 2, null);
insert into T_P_SHIRO_ROLE_PERMIT (ROLE_PERMIT_ID, PERMIT_ID, ROLE_ID, SORT)
values (3201949, 100000198, 1, null);
insert into T_P_SHIRO_ROLE_PERMIT (ROLE_PERMIT_ID, PERMIT_ID, ROLE_ID, SORT)
values (3201950, 100000198, 2, null);
insert into T_P_SHIRO_ROLE_PERMIT (ROLE_PERMIT_ID, PERMIT_ID, ROLE_ID, SORT)
values (3201954, 420000664, 1, null);
insert into T_P_SHIRO_ROLE_PERMIT (ROLE_PERMIT_ID, PERMIT_ID, ROLE_ID, SORT)
values (3201955, 420000664, 2, null);
insert into T_P_SHIRO_ROLE_PERMIT (ROLE_PERMIT_ID, PERMIT_ID, ROLE_ID, SORT)
values (3201930, 420000690, 2, null);
insert into T_P_SHIRO_ROLE_PERMIT (ROLE_PERMIT_ID, PERMIT_ID, ROLE_ID, SORT)
values (3202396, 420000722, 1, null);
insert into T_P_SHIRO_ROLE_PERMIT (ROLE_PERMIT_ID, PERMIT_ID, ROLE_ID, SORT)
values (3201959, 420000666, 1, null);
insert into T_P_SHIRO_ROLE_PERMIT (ROLE_PERMIT_ID, PERMIT_ID, ROLE_ID, SORT)
values (3201814, 335, 1, null);
insert into T_P_SHIRO_ROLE_PERMIT (ROLE_PERMIT_ID, PERMIT_ID, ROLE_ID, SORT)
values (3201815, 336, 2, null);
insert into T_P_SHIRO_ROLE_PERMIT (ROLE_PERMIT_ID, PERMIT_ID, ROLE_ID, SORT)
values (3201819, 337, 1, null);
insert into T_P_SHIRO_ROLE_PERMIT (ROLE_PERMIT_ID, PERMIT_ID, ROLE_ID, SORT)
values (3201964, 420000680, 1, null);
insert into T_P_SHIRO_ROLE_PERMIT (ROLE_PERMIT_ID, PERMIT_ID, ROLE_ID, SORT)
values (3201965, 420000680, 2, null);
insert into T_P_SHIRO_ROLE_PERMIT (ROLE_PERMIT_ID, PERMIT_ID, ROLE_ID, SORT)
values (3201969, 420000682, 1, null);
insert into T_P_SHIRO_ROLE_PERMIT (ROLE_PERMIT_ID, PERMIT_ID, ROLE_ID, SORT)
values (3201970, 420000682, 2, null);
insert into T_P_SHIRO_ROLE_PERMIT (ROLE_PERMIT_ID, PERMIT_ID, ROLE_ID, SORT)
values (3201789, 100000194, 1, null);
insert into T_P_SHIRO_ROLE_PERMIT (ROLE_PERMIT_ID, PERMIT_ID, ROLE_ID, SORT)
values (3201790, 100000194, 2, null);
insert into T_P_SHIRO_ROLE_PERMIT (ROLE_PERMIT_ID, PERMIT_ID, ROLE_ID, SORT)
values (3201989, 581, 1, null);
insert into T_P_SHIRO_ROLE_PERMIT (ROLE_PERMIT_ID, PERMIT_ID, ROLE_ID, SORT)
values (3201990, 581, 2, null);
insert into T_P_SHIRO_ROLE_PERMIT (ROLE_PERMIT_ID, PERMIT_ID, ROLE_ID, SORT)
values (3202413, 420000754, 2, null);
insert into T_P_SHIRO_ROLE_PERMIT (ROLE_PERMIT_ID, PERMIT_ID, ROLE_ID, SORT)
values (3202397, 420000722, 2, null);
insert into T_P_SHIRO_ROLE_PERMIT (ROLE_PERMIT_ID, PERMIT_ID, ROLE_ID, SORT)
values (3202406, 420000748, 1, null);
insert into T_P_SHIRO_ROLE_PERMIT (ROLE_PERMIT_ID, PERMIT_ID, ROLE_ID, SORT)
values (3202398, 420000740, 1, null);
insert into T_P_SHIRO_ROLE_PERMIT (ROLE_PERMIT_ID, PERMIT_ID, ROLE_ID, SORT)
values (3202407, 420000748, 2, null);
insert into T_P_SHIRO_ROLE_PERMIT (ROLE_PERMIT_ID, PERMIT_ID, ROLE_ID, SORT)
values (3202399, 420000740, 2, null);
insert into T_P_SHIRO_ROLE_PERMIT (ROLE_PERMIT_ID, PERMIT_ID, ROLE_ID, SORT)
values (3201705, 420000704, 1, null);
insert into T_P_SHIRO_ROLE_PERMIT (ROLE_PERMIT_ID, PERMIT_ID, ROLE_ID, SORT)
values (3202408, 420000750, 1, null);
insert into T_P_SHIRO_ROLE_PERMIT (ROLE_PERMIT_ID, PERMIT_ID, ROLE_ID, SORT)
values (3201706, 420000704, 2, null);
insert into T_P_SHIRO_ROLE_PERMIT (ROLE_PERMIT_ID, PERMIT_ID, ROLE_ID, SORT)
values (3202420, 420000714, 60080, null);
insert into T_P_SHIRO_ROLE_PERMIT (ROLE_PERMIT_ID, PERMIT_ID, ROLE_ID, SORT)
values (3202421, 420000712, 60080, null);
insert into T_P_SHIRO_ROLE_PERMIT (ROLE_PERMIT_ID, PERMIT_ID, ROLE_ID, SORT)
values (3202422, 420000718, 60080, null);
insert into T_P_SHIRO_ROLE_PERMIT (ROLE_PERMIT_ID, PERMIT_ID, ROLE_ID, SORT)
values (3202423, 420000716, 60080, null);
insert into T_P_SHIRO_ROLE_PERMIT (ROLE_PERMIT_ID, PERMIT_ID, ROLE_ID, SORT)
values (3201829, 341, 1, null);
insert into T_P_SHIRO_ROLE_PERMIT (ROLE_PERMIT_ID, PERMIT_ID, ROLE_ID, SORT)
values (3201830, 342, 2, null);
insert into T_P_SHIRO_ROLE_PERMIT (ROLE_PERMIT_ID, PERMIT_ID, ROLE_ID, SORT)
values (3201935, 420000700, 2, null);
insert into T_P_SHIRO_ROLE_PERMIT (ROLE_PERMIT_ID, PERMIT_ID, ROLE_ID, SORT)
values (3202409, 420000750, 2, null);
insert into T_P_SHIRO_ROLE_PERMIT (ROLE_PERMIT_ID, PERMIT_ID, ROLE_ID, SORT)
values (3202410, 420000752, 1, null);
insert into T_P_SHIRO_ROLE_PERMIT (ROLE_PERMIT_ID, PERMIT_ID, ROLE_ID, SORT)
values (3202411, 420000752, 2, null);
insert into T_P_SHIRO_ROLE_PERMIT (ROLE_PERMIT_ID, PERMIT_ID, ROLE_ID, SORT)
values (3202199, 420000840, 1, null);
insert into T_P_SHIRO_ROLE_PERMIT (ROLE_PERMIT_ID, PERMIT_ID, ROLE_ID, SORT)
values (3202200, 420000840, 2, null);
insert into T_P_SHIRO_ROLE_PERMIT (ROLE_PERMIT_ID, PERMIT_ID, ROLE_ID, SORT)
values (3202204, 420000842, 1, null);
insert into T_P_SHIRO_ROLE_PERMIT (ROLE_PERMIT_ID, PERMIT_ID, ROLE_ID, SORT)
values (3202205, 420000842, 2, null);
insert into T_P_SHIRO_ROLE_PERMIT (ROLE_PERMIT_ID, PERMIT_ID, ROLE_ID, SORT)
values (3201795, 420000684, 2, null);
insert into T_P_SHIRO_ROLE_PERMIT (ROLE_PERMIT_ID, PERMIT_ID, ROLE_ID, SORT)
values (3201800, 420000686, 2, null);
insert into T_P_SHIRO_ROLE_PERMIT (ROLE_PERMIT_ID, PERMIT_ID, ROLE_ID, SORT)
values (3201820, 338, 2, null);
insert into T_P_SHIRO_ROLE_PERMIT (ROLE_PERMIT_ID, PERMIT_ID, ROLE_ID, SORT)
values (3201824, 339, 1, null);
insert into T_P_SHIRO_ROLE_PERMIT (ROLE_PERMIT_ID, PERMIT_ID, ROLE_ID, SORT)
values (3201834, 343, 1, null);
insert into T_P_SHIRO_ROLE_PERMIT (ROLE_PERMIT_ID, PERMIT_ID, ROLE_ID, SORT)
values (3201835, 344, 2, null);
insert into T_P_SHIRO_ROLE_PERMIT (ROLE_PERMIT_ID, PERMIT_ID, ROLE_ID, SORT)
values (3201839, 345, 1, null);
insert into T_P_SHIRO_ROLE_PERMIT (ROLE_PERMIT_ID, PERMIT_ID, ROLE_ID, SORT)
values (3201840, 346, 2, null);
insert into T_P_SHIRO_ROLE_PERMIT (ROLE_PERMIT_ID, PERMIT_ID, ROLE_ID, SORT)
values (3201844, 347, 1, null);
insert into T_P_SHIRO_ROLE_PERMIT (ROLE_PERMIT_ID, PERMIT_ID, ROLE_ID, SORT)
values (3201845, 348, 2, null);
insert into T_P_SHIRO_ROLE_PERMIT (ROLE_PERMIT_ID, PERMIT_ID, ROLE_ID, SORT)
values (3201849, 349, 1, null);
insert into T_P_SHIRO_ROLE_PERMIT (ROLE_PERMIT_ID, PERMIT_ID, ROLE_ID, SORT)
values (3201850, 350, 2, null);
insert into T_P_SHIRO_ROLE_PERMIT (ROLE_PERMIT_ID, PERMIT_ID, ROLE_ID, SORT)
values (3201854, 351, 1, null);
insert into T_P_SHIRO_ROLE_PERMIT (ROLE_PERMIT_ID, PERMIT_ID, ROLE_ID, SORT)
values (3201855, 352, 2, null);
insert into T_P_SHIRO_ROLE_PERMIT (ROLE_PERMIT_ID, PERMIT_ID, ROLE_ID, SORT)
values (3201859, 353, 1, null);
insert into T_P_SHIRO_ROLE_PERMIT (ROLE_PERMIT_ID, PERMIT_ID, ROLE_ID, SORT)
values (3201860, 354, 2, null);
insert into T_P_SHIRO_ROLE_PERMIT (ROLE_PERMIT_ID, PERMIT_ID, ROLE_ID, SORT)
values (3201864, 355, 1, null);
insert into T_P_SHIRO_ROLE_PERMIT (ROLE_PERMIT_ID, PERMIT_ID, ROLE_ID, SORT)
values (3201865, 356, 2, null);
insert into T_P_SHIRO_ROLE_PERMIT (ROLE_PERMIT_ID, PERMIT_ID, ROLE_ID, SORT)
values (3201869, 357, 1, null);
insert into T_P_SHIRO_ROLE_PERMIT (ROLE_PERMIT_ID, PERMIT_ID, ROLE_ID, SORT)
values (3201870, 358, 2, null);
insert into T_P_SHIRO_ROLE_PERMIT (ROLE_PERMIT_ID, PERMIT_ID, ROLE_ID, SORT)
values (3201874, 363, 1, null);
insert into T_P_SHIRO_ROLE_PERMIT (ROLE_PERMIT_ID, PERMIT_ID, ROLE_ID, SORT)
values (3201875, 363, 2, null);
insert into T_P_SHIRO_ROLE_PERMIT (ROLE_PERMIT_ID, PERMIT_ID, ROLE_ID, SORT)
values (3201879, 365, 1, null);
insert into T_P_SHIRO_ROLE_PERMIT (ROLE_PERMIT_ID, PERMIT_ID, ROLE_ID, SORT)
values (3201880, 365, 2, null);
insert into T_P_SHIRO_ROLE_PERMIT (ROLE_PERMIT_ID, PERMIT_ID, ROLE_ID, SORT)
values (3201884, 367, 1, null);
insert into T_P_SHIRO_ROLE_PERMIT (ROLE_PERMIT_ID, PERMIT_ID, ROLE_ID, SORT)
values (3201889, 369, 1, null);
insert into T_P_SHIRO_ROLE_PERMIT (ROLE_PERMIT_ID, PERMIT_ID, ROLE_ID, SORT)
values (3201890, 370, 2, null);
insert into T_P_SHIRO_ROLE_PERMIT (ROLE_PERMIT_ID, PERMIT_ID, ROLE_ID, SORT)
values (3201894, 371, 1, null);
insert into T_P_SHIRO_ROLE_PERMIT (ROLE_PERMIT_ID, PERMIT_ID, ROLE_ID, SORT)
values (3201895, 371, 2, null);
insert into T_P_SHIRO_ROLE_PERMIT (ROLE_PERMIT_ID, PERMIT_ID, ROLE_ID, SORT)
values (3201899, 373, 1, null);
insert into T_P_SHIRO_ROLE_PERMIT (ROLE_PERMIT_ID, PERMIT_ID, ROLE_ID, SORT)
values (3201900, 373, 2, null);
insert into T_P_SHIRO_ROLE_PERMIT (ROLE_PERMIT_ID, PERMIT_ID, ROLE_ID, SORT)
values (3201909, 377, 1, null);
insert into T_P_SHIRO_ROLE_PERMIT (ROLE_PERMIT_ID, PERMIT_ID, ROLE_ID, SORT)
values (3201910, 377, 2, null);
insert into T_P_SHIRO_ROLE_PERMIT (ROLE_PERMIT_ID, PERMIT_ID, ROLE_ID, SORT)
values (3201940, 420000702, 2, null);
insert into T_P_SHIRO_ROLE_PERMIT (ROLE_PERMIT_ID, PERMIT_ID, ROLE_ID, SORT)
values (3201960, 420000666, 2, null);
insert into T_P_SHIRO_ROLE_PERMIT (ROLE_PERMIT_ID, PERMIT_ID, ROLE_ID, SORT)
values (3201984, 579, 1, null);
insert into T_P_SHIRO_ROLE_PERMIT (ROLE_PERMIT_ID, PERMIT_ID, ROLE_ID, SORT)
values (3201985, 579, 2, null);
insert into T_P_SHIRO_ROLE_PERMIT (ROLE_PERMIT_ID, PERMIT_ID, ROLE_ID, SORT)
values (3201994, 587, 1, null);
insert into T_P_SHIRO_ROLE_PERMIT (ROLE_PERMIT_ID, PERMIT_ID, ROLE_ID, SORT)
values (3201995, 587, 2, null);
insert into T_P_SHIRO_ROLE_PERMIT (ROLE_PERMIT_ID, PERMIT_ID, ROLE_ID, SORT)
values (3201999, 589, 1, null);
insert into T_P_SHIRO_ROLE_PERMIT (ROLE_PERMIT_ID, PERMIT_ID, ROLE_ID, SORT)
values (3202000, 589, 2, null);
insert into T_P_SHIRO_ROLE_PERMIT (ROLE_PERMIT_ID, PERMIT_ID, ROLE_ID, SORT)
values (3202023, 420000760, 2, null);
insert into T_P_SHIRO_ROLE_PERMIT (ROLE_PERMIT_ID, PERMIT_ID, ROLE_ID, SORT)
values (3202025, 420000762, 2, null);
insert into T_P_SHIRO_ROLE_PERMIT (ROLE_PERMIT_ID, PERMIT_ID, ROLE_ID, SORT)
values (3202040, 420000686, 1, null);
insert into T_P_SHIRO_ROLE_PERMIT (ROLE_PERMIT_ID, PERMIT_ID, ROLE_ID, SORT)
values (3202041, 420000684, 1, null);
insert into T_P_SHIRO_ROLE_PERMIT (ROLE_PERMIT_ID, PERMIT_ID, ROLE_ID, SORT)
values (3202042, 420000690, 1, null);
insert into T_P_SHIRO_ROLE_PERMIT (ROLE_PERMIT_ID, PERMIT_ID, ROLE_ID, SORT)
values (3202043, 420000688, 1, null);
insert into T_P_SHIRO_ROLE_PERMIT (ROLE_PERMIT_ID, PERMIT_ID, ROLE_ID, SORT)
values (3202044, 420000702, 1, null);
insert into T_P_SHIRO_ROLE_PERMIT (ROLE_PERMIT_ID, PERMIT_ID, ROLE_ID, SORT)
values (3202045, 420000700, 1, null);
insert into T_P_SHIRO_ROLE_PERMIT (ROLE_PERMIT_ID, PERMIT_ID, ROLE_ID, SORT)
values (3202046, 420000762, 1, null);
insert into T_P_SHIRO_ROLE_PERMIT (ROLE_PERMIT_ID, PERMIT_ID, ROLE_ID, SORT)
values (3202047, 420000760, 1, null);
insert into T_P_SHIRO_ROLE_PERMIT (ROLE_PERMIT_ID, PERMIT_ID, ROLE_ID, SORT)
values (3202048, 420000782, 1, null);
insert into T_P_SHIRO_ROLE_PERMIT (ROLE_PERMIT_ID, PERMIT_ID, ROLE_ID, SORT)
values (3202049, 420000780, 1, null);
insert into T_P_SHIRO_ROLE_PERMIT (ROLE_PERMIT_ID, PERMIT_ID, ROLE_ID, SORT)
values (3202100, 420000820, 1, null);
insert into T_P_SHIRO_ROLE_PERMIT (ROLE_PERMIT_ID, PERMIT_ID, ROLE_ID, SORT)
values (3202101, 420000820, 2, null);
insert into T_P_SHIRO_ROLE_PERMIT (ROLE_PERMIT_ID, PERMIT_ID, ROLE_ID, SORT)
values (3202105, 420000822, 1, null);
insert into T_P_SHIRO_ROLE_PERMIT (ROLE_PERMIT_ID, PERMIT_ID, ROLE_ID, SORT)
values (3202106, 420000822, 2, null);
insert into T_P_SHIRO_ROLE_PERMIT (ROLE_PERMIT_ID, PERMIT_ID, ROLE_ID, SORT)
values (3202388, 420000714, 1, null);
insert into T_P_SHIRO_ROLE_PERMIT (ROLE_PERMIT_ID, PERMIT_ID, ROLE_ID, SORT)
values (3202389, 420000714, 2, null);
insert into T_P_SHIRO_ROLE_PERMIT (ROLE_PERMIT_ID, PERMIT_ID, ROLE_ID, SORT)
values (3202390, 420000716, 1, null);
insert into T_P_SHIRO_ROLE_PERMIT (ROLE_PERMIT_ID, PERMIT_ID, ROLE_ID, SORT)
values (3202391, 420000716, 2, null);
insert into T_P_SHIRO_ROLE_PERMIT (ROLE_PERMIT_ID, PERMIT_ID, ROLE_ID, SORT)
values (3202400, 420000742, 1, null);
insert into T_P_SHIRO_ROLE_PERMIT (ROLE_PERMIT_ID, PERMIT_ID, ROLE_ID, SORT)
values (3202401, 420000742, 2, null);
insert into T_P_SHIRO_ROLE_PERMIT (ROLE_PERMIT_ID, PERMIT_ID, ROLE_ID, SORT)
values (3202402, 420000744, 1, null);
insert into T_P_SHIRO_ROLE_PERMIT (ROLE_PERMIT_ID, PERMIT_ID, ROLE_ID, SORT)
values (3202403, 420000744, 2, null);
insert into T_P_SHIRO_ROLE_PERMIT (ROLE_PERMIT_ID, PERMIT_ID, ROLE_ID, SORT)
values (3202210, 420000844, 2, null);
insert into T_P_SHIRO_ROLE_PERMIT (ROLE_PERMIT_ID, PERMIT_ID, ROLE_ID, SORT)
values (3202214, 420000846, 1, null);
insert into T_P_SHIRO_ROLE_PERMIT (ROLE_PERMIT_ID, PERMIT_ID, ROLE_ID, SORT)
values (3202215, 420000846, 2, null);
insert into T_P_SHIRO_ROLE_PERMIT (ROLE_PERMIT_ID, PERMIT_ID, ROLE_ID, SORT)
values (3202219, 420000848, 1, null);
insert into T_P_SHIRO_ROLE_PERMIT (ROLE_PERMIT_ID, PERMIT_ID, ROLE_ID, SORT)
values (3202220, 420000848, 2, null);
insert into T_P_SHIRO_ROLE_PERMIT (ROLE_PERMIT_ID, PERMIT_ID, ROLE_ID, SORT)
values (3202224, 420000850, 1, null);
insert into T_P_SHIRO_ROLE_PERMIT (ROLE_PERMIT_ID, PERMIT_ID, ROLE_ID, SORT)
values (3202225, 420000850, 2, null);
insert into T_P_SHIRO_ROLE_PERMIT (ROLE_PERMIT_ID, PERMIT_ID, ROLE_ID, SORT)
values (3202060, 420000800, 1, null);
insert into T_P_SHIRO_ROLE_PERMIT (ROLE_PERMIT_ID, PERMIT_ID, ROLE_ID, SORT)
values (3202061, 420000800, 2, null);
insert into T_P_SHIRO_ROLE_PERMIT (ROLE_PERMIT_ID, PERMIT_ID, ROLE_ID, SORT)
values (3202062, 420000802, 1, null);
insert into T_P_SHIRO_ROLE_PERMIT (ROLE_PERMIT_ID, PERMIT_ID, ROLE_ID, SORT)
values (3202063, 420000802, 2, null);
insert into T_P_SHIRO_ROLE_PERMIT (ROLE_PERMIT_ID, PERMIT_ID, ROLE_ID, SORT)
values (3202064, 420000804, 1, null);
insert into T_P_SHIRO_ROLE_PERMIT (ROLE_PERMIT_ID, PERMIT_ID, ROLE_ID, SORT)
values (3202065, 420000804, 2, null);
insert into T_P_SHIRO_ROLE_PERMIT (ROLE_PERMIT_ID, PERMIT_ID, ROLE_ID, SORT)
values (3202066, 420000806, 1, null);
insert into T_P_SHIRO_ROLE_PERMIT (ROLE_PERMIT_ID, PERMIT_ID, ROLE_ID, SORT)
values (3202067, 420000806, 2, null);
insert into T_P_SHIRO_ROLE_PERMIT (ROLE_PERMIT_ID, PERMIT_ID, ROLE_ID, SORT)
values (3202305, 420000660, 1, null);
insert into T_P_SHIRO_ROLE_PERMIT (ROLE_PERMIT_ID, PERMIT_ID, ROLE_ID, SORT)
values (3202306, 420000660, 2, null);
insert into T_P_SHIRO_ROLE_PERMIT (ROLE_PERMIT_ID, PERMIT_ID, ROLE_ID, SORT)
values (3202080, 420000809, 1, null);
insert into T_P_SHIRO_ROLE_PERMIT (ROLE_PERMIT_ID, PERMIT_ID, ROLE_ID, SORT)
values (3202081, 420000809, 2, null);
insert into T_P_SHIRO_ROLE_PERMIT (ROLE_PERMIT_ID, PERMIT_ID, ROLE_ID, SORT)
values (3202082, 420000811, 1, null);
insert into T_P_SHIRO_ROLE_PERMIT (ROLE_PERMIT_ID, PERMIT_ID, ROLE_ID, SORT)
values (3202083, 420000811, 2, null);
insert into T_P_SHIRO_ROLE_PERMIT (ROLE_PERMIT_ID, PERMIT_ID, ROLE_ID, SORT)
values (3202336, 420000861, 1, null);
insert into T_P_SHIRO_ROLE_PERMIT (ROLE_PERMIT_ID, PERMIT_ID, ROLE_ID, SORT)
values (3202337, 420000861, 2, null);
insert into T_P_SHIRO_ROLE_PERMIT (ROLE_PERMIT_ID, PERMIT_ID, ROLE_ID, SORT)
values (3202311, 420000662, 1, null);
insert into T_P_SHIRO_ROLE_PERMIT (ROLE_PERMIT_ID, PERMIT_ID, ROLE_ID, SORT)
values (3202312, 420000662, 2, null);
insert into T_P_SHIRO_ROLE_PERMIT (ROLE_PERMIT_ID, PERMIT_ID, ROLE_ID, SORT)
values (3202317, 420000668, 1, null);
insert into T_P_SHIRO_ROLE_PERMIT (ROLE_PERMIT_ID, PERMIT_ID, ROLE_ID, SORT)
values (3202318, 420000668, 2, null);
insert into T_P_SHIRO_ROLE_PERMIT (ROLE_PERMIT_ID, PERMIT_ID, ROLE_ID, SORT)
values (3202323, 420000670, 1, null);
insert into T_P_SHIRO_ROLE_PERMIT (ROLE_PERMIT_ID, PERMIT_ID, ROLE_ID, SORT)
values (3202324, 420000670, 2, null);
insert into T_P_SHIRO_ROLE_PERMIT (ROLE_PERMIT_ID, PERMIT_ID, ROLE_ID, SORT)
values (3202329, 420000860, 1, 1);
insert into T_P_SHIRO_ROLE_PERMIT (ROLE_PERMIT_ID, PERMIT_ID, ROLE_ID, SORT)
values (3202330, 420000860, 2, 1);
insert into T_P_SHIRO_ROLE_PERMIT (ROLE_PERMIT_ID, PERMIT_ID, ROLE_ID, SORT)
values (3202360, 420000900, 1, null);
insert into T_P_SHIRO_ROLE_PERMIT (ROLE_PERMIT_ID, PERMIT_ID, ROLE_ID, SORT)
values (3202361, 420000900, 2, null);
insert into T_P_SHIRO_ROLE_PERMIT (ROLE_PERMIT_ID, PERMIT_ID, ROLE_ID, SORT)
values (3202362, 420000902, 1, null);
insert into T_P_SHIRO_ROLE_PERMIT (ROLE_PERMIT_ID, PERMIT_ID, ROLE_ID, SORT)
values (3202363, 420000902, 2, null);
insert into T_P_SHIRO_ROLE_PERMIT (ROLE_PERMIT_ID, PERMIT_ID, ROLE_ID, SORT)
values (3202380, 420000920, 1, null);
insert into T_P_SHIRO_ROLE_PERMIT (ROLE_PERMIT_ID, PERMIT_ID, ROLE_ID, SORT)
values (3202381, 420000922, 1, null);
insert into T_P_SHIRO_ROLE_PERMIT (ROLE_PERMIT_ID, PERMIT_ID, ROLE_ID, SORT)
values (3202382, 420000708, 1, null);
insert into T_P_SHIRO_ROLE_PERMIT (ROLE_PERMIT_ID, PERMIT_ID, ROLE_ID, SORT)
values (3202383, 420000708, 2, null);
insert into T_P_SHIRO_ROLE_PERMIT (ROLE_PERMIT_ID, PERMIT_ID, ROLE_ID, SORT)
values (3202384, 420000710, 1, null);
insert into T_P_SHIRO_ROLE_PERMIT (ROLE_PERMIT_ID, PERMIT_ID, ROLE_ID, SORT)
values (3202385, 420000710, 2, null);
insert into T_P_SHIRO_ROLE_PERMIT (ROLE_PERMIT_ID, PERMIT_ID, ROLE_ID, SORT)
values (3202386, 420000712, 1, null);
insert into T_P_SHIRO_ROLE_PERMIT (ROLE_PERMIT_ID, PERMIT_ID, ROLE_ID, SORT)
values (3202387, 420000712, 2, null);
insert into T_P_SHIRO_ROLE_PERMIT (ROLE_PERMIT_ID, PERMIT_ID, ROLE_ID, SORT)
values (3202392, 420000718, 1, null);
insert into T_P_SHIRO_ROLE_PERMIT (ROLE_PERMIT_ID, PERMIT_ID, ROLE_ID, SORT)
values (3202393, 420000718, 2, null);
insert into T_P_SHIRO_ROLE_PERMIT (ROLE_PERMIT_ID, PERMIT_ID, ROLE_ID, SORT)
values (3202394, 420000720, 1, null);
insert into T_P_SHIRO_ROLE_PERMIT (ROLE_PERMIT_ID, PERMIT_ID, ROLE_ID, SORT)
values (3202395, 420000720, 2, null);
insert into T_P_SHIRO_ROLE_PERMIT (ROLE_PERMIT_ID, PERMIT_ID, ROLE_ID, SORT)
values (3202424, 420000722, 60080, null);
insert into T_P_SHIRO_ROLE_PERMIT (ROLE_PERMIT_ID, PERMIT_ID, ROLE_ID, SORT)
values (3202425, 420000720, 60080, null);
insert into T_P_SHIRO_ROLE_PERMIT (ROLE_PERMIT_ID, PERMIT_ID, ROLE_ID, SORT)
values (3202426, 420000742, 60080, null);
insert into T_P_SHIRO_ROLE_PERMIT (ROLE_PERMIT_ID, PERMIT_ID, ROLE_ID, SORT)
values (3202427, 420000740, 60080, null);
insert into T_P_SHIRO_ROLE_PERMIT (ROLE_PERMIT_ID, PERMIT_ID, ROLE_ID, SORT)
values (3202428, 420000746, 60080, null);
insert into T_P_SHIRO_ROLE_PERMIT (ROLE_PERMIT_ID, PERMIT_ID, ROLE_ID, SORT)
values (3202429, 420000744, 60080, null);
insert into T_P_SHIRO_ROLE_PERMIT (ROLE_PERMIT_ID, PERMIT_ID, ROLE_ID, SORT)
values (3202430, 420000750, 60080, null);
insert into T_P_SHIRO_ROLE_PERMIT (ROLE_PERMIT_ID, PERMIT_ID, ROLE_ID, SORT)
values (3202431, 420000748, 60080, null);
insert into T_P_SHIRO_ROLE_PERMIT (ROLE_PERMIT_ID, PERMIT_ID, ROLE_ID, SORT)
values (3202432, 420000754, 60080, null);
insert into T_P_SHIRO_ROLE_PERMIT (ROLE_PERMIT_ID, PERMIT_ID, ROLE_ID, SORT)
values (3202433, 420000752, 60080, null);
insert into T_P_SHIRO_ROLE_PERMIT (ROLE_PERMIT_ID, PERMIT_ID, ROLE_ID, SORT)
values (3202434, 420000822, 60080, null);
insert into T_P_SHIRO_ROLE_PERMIT (ROLE_PERMIT_ID, PERMIT_ID, ROLE_ID, SORT)
values (3202435, 420000820, 60080, null);
insert into T_P_SHIRO_ROLE_PERMIT (ROLE_PERMIT_ID, PERMIT_ID, ROLE_ID, SORT)
values (3202436, 420000842, 60080, null);
insert into T_P_SHIRO_ROLE_PERMIT (ROLE_PERMIT_ID, PERMIT_ID, ROLE_ID, SORT)
values (3202437, 420000840, 60080, null);
insert into T_P_SHIRO_ROLE_PERMIT (ROLE_PERMIT_ID, PERMIT_ID, ROLE_ID, SORT)
values (3202438, 420000846, 60080, null);
insert into T_P_SHIRO_ROLE_PERMIT (ROLE_PERMIT_ID, PERMIT_ID, ROLE_ID, SORT)
values (3202439, 420000844, 60080, null);
insert into T_P_SHIRO_ROLE_PERMIT (ROLE_PERMIT_ID, PERMIT_ID, ROLE_ID, SORT)
values (3202440, 420000850, 60080, null);
insert into T_P_SHIRO_ROLE_PERMIT (ROLE_PERMIT_ID, PERMIT_ID, ROLE_ID, SORT)
values (3202441, 420000848, 60080, null);
insert into T_P_SHIRO_ROLE_PERMIT (ROLE_PERMIT_ID, PERMIT_ID, ROLE_ID, SORT)
values (3202442, 420000706, 60081, null);
insert into T_P_SHIRO_ROLE_PERMIT (ROLE_PERMIT_ID, PERMIT_ID, ROLE_ID, SORT)
values (3202443, 420000704, 60081, null);
insert into T_P_SHIRO_ROLE_PERMIT (ROLE_PERMIT_ID, PERMIT_ID, ROLE_ID, SORT)
values (3202444, 420000710, 60081, null);
insert into T_P_SHIRO_ROLE_PERMIT (ROLE_PERMIT_ID, PERMIT_ID, ROLE_ID, SORT)
values (3202445, 420000708, 60081, null);
insert into T_P_SHIRO_ROLE_PERMIT (ROLE_PERMIT_ID, PERMIT_ID, ROLE_ID, SORT)
values (3202446, 420000714, 60081, null);
insert into T_P_SHIRO_ROLE_PERMIT (ROLE_PERMIT_ID, PERMIT_ID, ROLE_ID, SORT)
values (3202447, 420000712, 60081, null);
insert into T_P_SHIRO_ROLE_PERMIT (ROLE_PERMIT_ID, PERMIT_ID, ROLE_ID, SORT)
values (3202448, 420000718, 60081, null);
insert into T_P_SHIRO_ROLE_PERMIT (ROLE_PERMIT_ID, PERMIT_ID, ROLE_ID, SORT)
values (3202449, 420000716, 60081, null);
insert into T_P_SHIRO_ROLE_PERMIT (ROLE_PERMIT_ID, PERMIT_ID, ROLE_ID, SORT)
values (3202450, 420000722, 60081, null);
insert into T_P_SHIRO_ROLE_PERMIT (ROLE_PERMIT_ID, PERMIT_ID, ROLE_ID, SORT)
values (3202451, 420000720, 60081, null);
insert into T_P_SHIRO_ROLE_PERMIT (ROLE_PERMIT_ID, PERMIT_ID, ROLE_ID, SORT)
values (3202452, 420000742, 60081, null);
insert into T_P_SHIRO_ROLE_PERMIT (ROLE_PERMIT_ID, PERMIT_ID, ROLE_ID, SORT)
values (3202453, 420000740, 60081, null);
insert into T_P_SHIRO_ROLE_PERMIT (ROLE_PERMIT_ID, PERMIT_ID, ROLE_ID, SORT)
values (3202454, 420000746, 60081, null);
insert into T_P_SHIRO_ROLE_PERMIT (ROLE_PERMIT_ID, PERMIT_ID, ROLE_ID, SORT)
values (3202455, 420000744, 60081, null);
insert into T_P_SHIRO_ROLE_PERMIT (ROLE_PERMIT_ID, PERMIT_ID, ROLE_ID, SORT)
values (3202456, 420000750, 60081, null);
insert into T_P_SHIRO_ROLE_PERMIT (ROLE_PERMIT_ID, PERMIT_ID, ROLE_ID, SORT)
values (3202457, 420000748, 60081, null);
insert into T_P_SHIRO_ROLE_PERMIT (ROLE_PERMIT_ID, PERMIT_ID, ROLE_ID, SORT)
values (3202458, 420000754, 60081, null);
insert into T_P_SHIRO_ROLE_PERMIT (ROLE_PERMIT_ID, PERMIT_ID, ROLE_ID, SORT)
values (3202459, 420000752, 60081, null);
insert into T_P_SHIRO_ROLE_PERMIT (ROLE_PERMIT_ID, PERMIT_ID, ROLE_ID, SORT)
values (3202460, 420000822, 60081, null);
insert into T_P_SHIRO_ROLE_PERMIT (ROLE_PERMIT_ID, PERMIT_ID, ROLE_ID, SORT)
values (3202461, 420000820, 60081, null);
insert into T_P_SHIRO_ROLE_PERMIT (ROLE_PERMIT_ID, PERMIT_ID, ROLE_ID, SORT)
values (3202462, 420000842, 60081, null);
insert into T_P_SHIRO_ROLE_PERMIT (ROLE_PERMIT_ID, PERMIT_ID, ROLE_ID, SORT)
values (3202463, 420000840, 60081, null);
insert into T_P_SHIRO_ROLE_PERMIT (ROLE_PERMIT_ID, PERMIT_ID, ROLE_ID, SORT)
values (3202464, 420000846, 60081, null);
insert into T_P_SHIRO_ROLE_PERMIT (ROLE_PERMIT_ID, PERMIT_ID, ROLE_ID, SORT)
values (3202465, 420000844, 60081, null);
insert into T_P_SHIRO_ROLE_PERMIT (ROLE_PERMIT_ID, PERMIT_ID, ROLE_ID, SORT)
values (3202466, 420000850, 60081, null);
insert into T_P_SHIRO_ROLE_PERMIT (ROLE_PERMIT_ID, PERMIT_ID, ROLE_ID, SORT)
values (3202467, 420000848, 60081, null);
commit;
prompt 236 records loaded
prompt Loading T_P_SHIRO_ROLE_RES...
prompt Table is empty
prompt Loading T_P_SHIRO_USER_GRP...
insert into T_P_SHIRO_USER_GRP (USER_GRP_ID, NAME)
values (6000140, '苏州分行');
insert into T_P_SHIRO_USER_GRP (USER_GRP_ID, NAME)
values (1, '系统管理员用户分组');
insert into T_P_SHIRO_USER_GRP (USER_GRP_ID, NAME)
values (2, '超级管理员用户分组');
insert into T_P_SHIRO_USER_GRP (USER_GRP_ID, NAME)
values (6000120, '一级行分组');
insert into T_P_SHIRO_USER_GRP (USER_GRP_ID, NAME)
values (6000121, '二级行分组');
insert into T_P_SHIRO_USER_GRP (USER_GRP_ID, NAME)
values (6000122, '三级行分组');
commit;
prompt 6 records loaded
prompt Loading T_P_SHIRO_USER...
insert into T_P_SHIRO_USER (USER_ID, USER_GRP_ID, LOGIN_NAME, PWD, USER_NAME)
values ('1', 1, 'admin', '96E79218965EB72C92A549DD5A330112', '管理员');
commit;
prompt 1 records loaded
prompt Loading T_P_SHIRO_USER_EXT...
insert into T_P_SHIRO_USER_EXT (USER_ID, ORG_ID, STAFF_ID, LAST_LOGIN_IP_ADDR, LAST_LOGIN_DATE_TIME, LAST_LOGOUT_DATE_TIME, LOGIN_CNT, LAST_CHG_PWD_DATE_TIME, CREATE_DATE_TIME, CREATE_USER_ID, STATUS, LOGIN_FAILED_CNT, LAST_LOGIN_FAILED_DATE_TIME)
values ('1', '000001', null, '22.164.36.136', '20181109122626', null, 4034, '20140425082524', null, 1, '0', 0, null);
commit;
prompt 1 records loaded
prompt Loading T_P_SHIRO_USER_GRP_EXT...
insert into T_P_SHIRO_USER_GRP_EXT (USER_GRP_ID, ORG_ID, RUNTIME_LIMIT_FLAG, IHT_FLAG)
values (6000140, '00004', '1', '1');
insert into T_P_SHIRO_USER_GRP_EXT (USER_GRP_ID, ORG_ID, RUNTIME_LIMIT_FLAG, IHT_FLAG)
values (6000120, '00004', '1', '1');
insert into T_P_SHIRO_USER_GRP_EXT (USER_GRP_ID, ORG_ID, RUNTIME_LIMIT_FLAG, IHT_FLAG)
values (6000121, '00004', '1', '1');
insert into T_P_SHIRO_USER_GRP_EXT (USER_GRP_ID, ORG_ID, RUNTIME_LIMIT_FLAG, IHT_FLAG)
values (6000122, '00004', '1', '1');
insert into T_P_SHIRO_USER_GRP_EXT (USER_GRP_ID, ORG_ID, RUNTIME_LIMIT_FLAG, IHT_FLAG)
values (1, '00004', '1', '0');
insert into T_P_SHIRO_USER_GRP_EXT (USER_GRP_ID, ORG_ID, RUNTIME_LIMIT_FLAG, IHT_FLAG)
values (2, '00004', '1', '0');
insert into T_P_SHIRO_USER_GRP_EXT (USER_GRP_ID, ORG_ID, RUNTIME_LIMIT_FLAG, IHT_FLAG)
values (6000120, '00004', '1', '1');
insert into T_P_SHIRO_USER_GRP_EXT (USER_GRP_ID, ORG_ID, RUNTIME_LIMIT_FLAG, IHT_FLAG)
values (6000121, '00004', '1', '1');
insert into T_P_SHIRO_USER_GRP_EXT (USER_GRP_ID, ORG_ID, RUNTIME_LIMIT_FLAG, IHT_FLAG)
values (6000122, '00004', '1', '1');
insert into T_P_SHIRO_USER_GRP_EXT (USER_GRP_ID, ORG_ID, RUNTIME_LIMIT_FLAG, IHT_FLAG)
values (1, '00004', '1', '0');
insert into T_P_SHIRO_USER_GRP_EXT (USER_GRP_ID, ORG_ID, RUNTIME_LIMIT_FLAG, IHT_FLAG)
values (2, '00004', '1', '0');
commit;
prompt 11 records loaded
prompt Loading T_P_SHIRO_USER_GRP_ROLE_IDX...
insert into T_P_SHIRO_USER_GRP_ROLE_IDX (ROLE_ID, USER_GRP_ID)
values (1, 1);
insert into T_P_SHIRO_USER_GRP_ROLE_IDX (ROLE_ID, USER_GRP_ID)
values (2, 2);
insert into T_P_SHIRO_USER_GRP_ROLE_IDX (ROLE_ID, USER_GRP_ID)
values (60080, 6000120);
insert into T_P_SHIRO_USER_GRP_ROLE_IDX (ROLE_ID, USER_GRP_ID)
values (60081, 6000121);
commit;
prompt 4 records loaded
prompt Loading T_P_S_DICT_ITEM...
insert into T_P_S_DICT_ITEM (DICTTYPE, DICTCODE, DICTCODENAME, DICTPINYIN, DICTORDER, DICTFLAG, DICTCODE_PARENT)
values ('D_DISCOUNT_TYPE', '0', '以‘天’为单位', null, null, null, null);
insert into T_P_S_DICT_ITEM (DICTTYPE, DICTCODE, DICTCODENAME, DICTPINYIN, DICTORDER, DICTFLAG, DICTCODE_PARENT)
values ('D_DISCOUNT_TYPE', '1', '以‘活动’为单位', null, null, null, null);
insert into T_P_S_DICT_ITEM (DICTTYPE, DICTCODE, DICTCODENAME, DICTPINYIN, DICTORDER, DICTFLAG, DICTCODE_PARENT)
values ('D_APP_ORG_LEV', '3', '支行应用', null, null, null, null);
insert into T_P_S_DICT_ITEM (DICTTYPE, DICTCODE, DICTCODENAME, DICTPINYIN, DICTORDER, DICTFLAG, DICTCODE_PARENT)
values ('D_IHT_STATUS', '1', '可以继承', null, null, null, null);
insert into T_P_S_DICT_ITEM (DICTTYPE, DICTCODE, DICTCODENAME, DICTPINYIN, DICTORDER, DICTFLAG, DICTCODE_PARENT)
values ('D_IHT_STATUS', '0', '不可继承', null, null, null, null);
insert into T_P_S_DICT_ITEM (DICTTYPE, DICTCODE, DICTCODENAME, DICTPINYIN, DICTORDER, DICTFLAG, DICTCODE_PARENT)
values ('D_WORKDATE_STATUS', '0', '限制', null, null, null, null);
insert into T_P_S_DICT_ITEM (DICTTYPE, DICTCODE, DICTCODENAME, DICTPINYIN, DICTORDER, DICTFLAG, DICTCODE_PARENT)
values ('D_WORKDATE_STATUS', '1', '不限制', null, null, null, null);
insert into T_P_S_DICT_ITEM (DICTTYPE, DICTCODE, DICTCODENAME, DICTPINYIN, DICTORDER, DICTFLAG, DICTCODE_PARENT)
values ('D_ACTIVITY_STATUS', '0', '停用', null, null, null, null);
insert into T_P_S_DICT_ITEM (DICTTYPE, DICTCODE, DICTCODENAME, DICTPINYIN, DICTORDER, DICTFLAG, DICTCODE_PARENT)
values ('D_ACTIVITY_STATUS', '1', '启用', null, null, null, null);
insert into T_P_S_DICT_ITEM (DICTTYPE, DICTCODE, DICTCODENAME, DICTPINYIN, DICTORDER, DICTFLAG, DICTCODE_PARENT)
values ('D_ACTIVITY_STATUS', '2', '未启用', null, null, null, null);
insert into T_P_S_DICT_ITEM (DICTTYPE, DICTCODE, DICTCODENAME, DICTPINYIN, DICTORDER, DICTFLAG, DICTCODE_PARENT)
values ('D_DISCOUNT_FLAG', '1', '折扣', null, null, null, null);
insert into T_P_S_DICT_ITEM (DICTTYPE, DICTCODE, DICTCODENAME, DICTPINYIN, DICTORDER, DICTFLAG, DICTCODE_PARENT)
values ('D_DISCOUNT_FLAG', '0', '满减', null, null, null, null);
insert into T_P_S_DICT_ITEM (DICTTYPE, DICTCODE, DICTCODENAME, DICTPINYIN, DICTORDER, DICTFLAG, DICTCODE_PARENT)
values ('D_GIFT_STATUS', '1', '启用', null, null, null, null);
insert into T_P_S_DICT_ITEM (DICTTYPE, DICTCODE, DICTCODENAME, DICTPINYIN, DICTORDER, DICTFLAG, DICTCODE_PARENT)
values ('D_GIFT_STATUS', '0', '停用', null, null, null, null);
insert into T_P_S_DICT_ITEM (DICTTYPE, DICTCODE, DICTCODENAME, DICTPINYIN, DICTORDER, DICTFLAG, DICTCODE_PARENT)
values ('D_CARD_RULE_FLAG', '0', '卡列表', null, null, null, null);
insert into T_P_S_DICT_ITEM (DICTTYPE, DICTCODE, DICTCODENAME, DICTPINYIN, DICTORDER, DICTFLAG, DICTCODE_PARENT)
values ('D_CARD_RULE_FLAG', '1', '卡段', null, null, null, null);
insert into T_P_S_DICT_ITEM (DICTTYPE, DICTCODE, DICTCODENAME, DICTPINYIN, DICTORDER, DICTFLAG, DICTCODE_PARENT)
values ('D_PRIORITY_FLAG', '0', '高级', null, null, null, null);
insert into T_P_S_DICT_ITEM (DICTTYPE, DICTCODE, DICTCODENAME, DICTPINYIN, DICTORDER, DICTFLAG, DICTCODE_PARENT)
values ('D_PRIORITY_FLAG', '1', '低级', null, null, null, null);
insert into T_P_S_DICT_ITEM (DICTTYPE, DICTCODE, DICTCODENAME, DICTPINYIN, DICTORDER, DICTFLAG, DICTCODE_PARENT)
values ('D_LOTTERY_ITEM_TYPE', '0', '时间分布', null, null, null, null);
insert into T_P_S_DICT_ITEM (DICTTYPE, DICTCODE, DICTCODENAME, DICTPINYIN, DICTORDER, DICTFLAG, DICTCODE_PARENT)
values ('D_LOTTERY_ITEM_TYPE', '1', '随机分布', null, null, null, null);
insert into T_P_S_DICT_ITEM (DICTTYPE, DICTCODE, DICTCODENAME, DICTPINYIN, DICTORDER, DICTFLAG, DICTCODE_PARENT)
values ('D_LOTTERY_WIN_STATUS', '0', '未抽奖', null, null, null, null);
insert into T_P_S_DICT_ITEM (DICTTYPE, DICTCODE, DICTCODENAME, DICTPINYIN, DICTORDER, DICTFLAG, DICTCODE_PARENT)
values ('D_LOTTERY_WIN_STATUS', '1', '已抽奖', null, null, null, null);
insert into T_P_S_DICT_ITEM (DICTTYPE, DICTCODE, DICTCODENAME, DICTPINYIN, DICTORDER, DICTFLAG, DICTCODE_PARENT)
values ('D_LOTTERY_ITEM_TYPE', '2', '交易分布', null, null, null, null);
insert into T_P_S_DICT_ITEM (DICTTYPE, DICTCODE, DICTCODENAME, DICTPINYIN, DICTORDER, DICTFLAG, DICTCODE_PARENT)
values ('D_LOTTERY_WIN_STATUS', '2', '已兑奖', null, null, null, null);
insert into T_P_S_DICT_ITEM (DICTTYPE, DICTCODE, DICTCODENAME, DICTPINYIN, DICTORDER, DICTFLAG, DICTCODE_PARENT)
values ('D_EXTORG_STATUS', '0', '关闭', null, null, null, null);
insert into T_P_S_DICT_ITEM (DICTTYPE, DICTCODE, DICTCODENAME, DICTPINYIN, DICTORDER, DICTFLAG, DICTCODE_PARENT)
values ('D_EXTORG_STATUS', '1', '正常', null, null, null, null);
insert into T_P_S_DICT_ITEM (DICTTYPE, DICTCODE, DICTCODENAME, DICTPINYIN, DICTORDER, DICTFLAG, DICTCODE_PARENT)
values ('D_EXTORG_STATUS', '2', '暂停', null, null, null, null);
insert into T_P_S_DICT_ITEM (DICTTYPE, DICTCODE, DICTCODENAME, DICTPINYIN, DICTORDER, DICTFLAG, DICTCODE_PARENT)
values ('D_EXTORG_STATUS', '3', '未启用', null, null, null, null);
insert into T_P_S_DICT_ITEM (DICTTYPE, DICTCODE, DICTCODENAME, DICTPINYIN, DICTORDER, DICTFLAG, DICTCODE_PARENT)
values ('D_INC_CODE_STATUS', '0', '关闭', null, null, null, null);
insert into T_P_S_DICT_ITEM (DICTTYPE, DICTCODE, DICTCODENAME, DICTPINYIN, DICTORDER, DICTFLAG, DICTCODE_PARENT)
values ('D_INC_CODE_STATUS', '1', '正常', null, null, null, null);
insert into T_P_S_DICT_ITEM (DICTTYPE, DICTCODE, DICTCODENAME, DICTPINYIN, DICTORDER, DICTFLAG, DICTCODE_PARENT)
values ('D_INC_CODE_STATUS', '2', '暂停', null, null, null, null);
insert into T_P_S_DICT_ITEM (DICTTYPE, DICTCODE, DICTCODENAME, DICTPINYIN, DICTORDER, DICTFLAG, DICTCODE_PARENT)
values ('D_INC_CODE_STATUS', '3', '未启用', null, null, null, null);
insert into T_P_S_DICT_ITEM (DICTTYPE, DICTCODE, DICTCODENAME, DICTPINYIN, DICTORDER, DICTFLAG, DICTCODE_PARENT)
values ('D_ORG_STATE', '0', '停用', null, null, null, null);
insert into T_P_S_DICT_ITEM (DICTTYPE, DICTCODE, DICTCODENAME, DICTPINYIN, DICTORDER, DICTFLAG, DICTCODE_PARENT)
values ('D_ORG_STATE', '1', '正常', null, null, null, null);
insert into T_P_S_DICT_ITEM (DICTTYPE, DICTCODE, DICTCODENAME, DICTPINYIN, DICTORDER, DICTFLAG, DICTCODE_PARENT)
values ('D_USER_STATUS', '1', '停用', null, null, null, null);
insert into T_P_S_DICT_ITEM (DICTTYPE, DICTCODE, DICTCODENAME, DICTPINYIN, DICTORDER, DICTFLAG, DICTCODE_PARENT)
values ('D_USER_STATUS', '0', '启用', null, null, null, null);
insert into T_P_S_DICT_ITEM (DICTTYPE, DICTCODE, DICTCODENAME, DICTPINYIN, DICTORDER, DICTFLAG, DICTCODE_PARENT)
values ('D_WEB_USER_GRP_STATE', '1', '关闭', null, null, null, null);
insert into T_P_S_DICT_ITEM (DICTTYPE, DICTCODE, DICTCODENAME, DICTPINYIN, DICTORDER, DICTFLAG, DICTCODE_PARENT)
values ('D_STATUS', '0', '开启', null, null, null, null);
insert into T_P_S_DICT_ITEM (DICTTYPE, DICTCODE, DICTCODENAME, DICTPINYIN, DICTORDER, DICTFLAG, DICTCODE_PARENT)
values ('D_PUSH_FLAG', '1', '已推送', null, null, null, null);
insert into T_P_S_DICT_ITEM (DICTTYPE, DICTCODE, DICTCODENAME, DICTPINYIN, DICTORDER, DICTFLAG, DICTCODE_PARENT)
values ('D_PUSH_FLAG', '0', '未推送', null, null, null, null);
insert into T_P_S_DICT_ITEM (DICTTYPE, DICTCODE, DICTCODENAME, DICTPINYIN, DICTORDER, DICTFLAG, DICTCODE_PARENT)
values ('D_YES_NO', '0', '是', null, null, null, null);
insert into T_P_S_DICT_ITEM (DICTTYPE, DICTCODE, DICTCODENAME, DICTPINYIN, DICTORDER, DICTFLAG, DICTCODE_PARENT)
values ('D_YES_NO', '1', '否', null, null, null, null);
insert into T_P_S_DICT_ITEM (DICTTYPE, DICTCODE, DICTCODENAME, DICTPINYIN, DICTORDER, DICTFLAG, DICTCODE_PARENT)
values ('D_RESOURCE_FLAG', '0', '公有', null, null, null, null);
insert into T_P_S_DICT_ITEM (DICTTYPE, DICTCODE, DICTCODENAME, DICTPINYIN, DICTORDER, DICTFLAG, DICTCODE_PARENT)
values ('D_RESOURCE_FLAG', '1', '私有', null, null, null, null);
insert into T_P_S_DICT_ITEM (DICTTYPE, DICTCODE, DICTCODENAME, DICTPINYIN, DICTORDER, DICTFLAG, DICTCODE_PARENT)
values ('D_PUSH', '0', '登陆推送', null, null, null, null);
insert into T_P_S_DICT_ITEM (DICTTYPE, DICTCODE, DICTCODENAME, DICTPINYIN, DICTORDER, DICTFLAG, DICTCODE_PARENT)
values ('D_PUSH', '1', '主动推送', null, null, null, null);
insert into T_P_S_DICT_ITEM (DICTTYPE, DICTCODE, DICTCODENAME, DICTPINYIN, DICTORDER, DICTFLAG, DICTCODE_PARENT)
values ('D_STATUS', '1', '关闭', null, null, null, null);
insert into T_P_S_DICT_ITEM (DICTTYPE, DICTCODE, DICTCODENAME, DICTPINYIN, DICTORDER, DICTFLAG, DICTCODE_PARENT)
values ('D_IS_ADMIN', '0', '否', null, null, null, null);
insert into T_P_S_DICT_ITEM (DICTTYPE, DICTCODE, DICTCODENAME, DICTPINYIN, DICTORDER, DICTFLAG, DICTCODE_PARENT)
values ('D_IS_ADMIN', '1', '是', null, null, null, null);
insert into T_P_S_DICT_ITEM (DICTTYPE, DICTCODE, DICTCODENAME, DICTPINYIN, DICTORDER, DICTFLAG, DICTCODE_PARENT)
values ('D_WEB_USER_GRP_STATE', '0', '开启', null, null, null, null);
insert into T_P_S_DICT_ITEM (DICTTYPE, DICTCODE, DICTCODENAME, DICTPINYIN, DICTORDER, DICTFLAG, DICTCODE_PARENT)
values ('D_PLAN_FLAG', '0', '未分期', null, null, null, null);
insert into T_P_S_DICT_ITEM (DICTTYPE, DICTCODE, DICTCODENAME, DICTPINYIN, DICTORDER, DICTFLAG, DICTCODE_PARENT)
values ('D_TERM_STATE', '1', '正常', null, null, null, null);
insert into T_P_S_DICT_ITEM (DICTTYPE, DICTCODE, DICTCODENAME, DICTPINYIN, DICTORDER, DICTFLAG, DICTCODE_PARENT)
values ('D_TERM_STATE', '0', '关闭', null, null, null, null);
insert into T_P_S_DICT_ITEM (DICTTYPE, DICTCODE, DICTCODENAME, DICTPINYIN, DICTORDER, DICTFLAG, DICTCODE_PARENT)
values ('D_TERM_STATE', '2', '暂停', null, null, null, null);
insert into T_P_S_DICT_ITEM (DICTTYPE, DICTCODE, DICTCODENAME, DICTPINYIN, DICTORDER, DICTFLAG, DICTCODE_PARENT)
values ('D_TERM_STATE', '3', '未启用', null, null, null, null);
insert into T_P_S_DICT_ITEM (DICTTYPE, DICTCODE, DICTCODENAME, DICTPINYIN, DICTORDER, DICTFLAG, DICTCODE_PARENT)
values ('D_WEB_USER_STATE', '0', '开启', null, null, null, null);
insert into T_P_S_DICT_ITEM (DICTTYPE, DICTCODE, DICTCODENAME, DICTPINYIN, DICTORDER, DICTFLAG, DICTCODE_PARENT)
values ('D_WEB_USER_STATE', '2', '关闭', null, null, null, null);
insert into T_P_S_DICT_ITEM (DICTTYPE, DICTCODE, DICTCODENAME, DICTPINYIN, DICTORDER, DICTFLAG, DICTCODE_PARENT)
values ('D_LIMIT_FLAG', '0', '无限制', null, null, null, null);
insert into T_P_S_DICT_ITEM (DICTTYPE, DICTCODE, DICTCODENAME, DICTPINYIN, DICTORDER, DICTFLAG, DICTCODE_PARENT)
values ('D_IHT_FLAG', '1', '可继承', null, null, null, null);
insert into T_P_S_DICT_ITEM (DICTTYPE, DICTCODE, DICTCODENAME, DICTPINYIN, DICTORDER, DICTFLAG, DICTCODE_PARENT)
values ('D_IHT_FLAG', '0', '不可继承', null, null, null, null);
insert into T_P_S_DICT_ITEM (DICTTYPE, DICTCODE, DICTCODENAME, DICTPINYIN, DICTORDER, DICTFLAG, DICTCODE_PARENT)
values ('D_WEEK', '1', '周一', null, null, null, null);
insert into T_P_S_DICT_ITEM (DICTTYPE, DICTCODE, DICTCODENAME, DICTPINYIN, DICTORDER, DICTFLAG, DICTCODE_PARENT)
values ('D_WEEK', '2', '周二', null, null, null, null);
insert into T_P_S_DICT_ITEM (DICTTYPE, DICTCODE, DICTCODENAME, DICTPINYIN, DICTORDER, DICTFLAG, DICTCODE_PARENT)
values ('D_WEEK', '3', '周三', null, null, null, null);
insert into T_P_S_DICT_ITEM (DICTTYPE, DICTCODE, DICTCODENAME, DICTPINYIN, DICTORDER, DICTFLAG, DICTCODE_PARENT)
values ('D_WEEK', '4', '周四', null, null, null, null);
insert into T_P_S_DICT_ITEM (DICTTYPE, DICTCODE, DICTCODENAME, DICTPINYIN, DICTORDER, DICTFLAG, DICTCODE_PARENT)
values ('D_WEEK', '5', '周五', null, null, null, null);
insert into T_P_S_DICT_ITEM (DICTTYPE, DICTCODE, DICTCODENAME, DICTPINYIN, DICTORDER, DICTFLAG, DICTCODE_PARENT)
values ('D_WEEK', '6', '周六', null, null, null, null);
insert into T_P_S_DICT_ITEM (DICTTYPE, DICTCODE, DICTCODENAME, DICTPINYIN, DICTORDER, DICTFLAG, DICTCODE_PARENT)
values ('D_WEEK', '7', '周日', null, null, null, null);
insert into T_P_S_DICT_ITEM (DICTTYPE, DICTCODE, DICTCODENAME, DICTPINYIN, DICTORDER, DICTFLAG, DICTCODE_PARENT)
values ('D_IC_ALLOT_ORG', '0', '未分配', null, null, null, null);
insert into T_P_S_DICT_ITEM (DICTTYPE, DICTCODE, DICTCODENAME, DICTPINYIN, DICTORDER, DICTFLAG, DICTCODE_PARENT)
values ('D_IC_ALLOT_ORG', '1', '已分配', null, null, null, null);
insert into T_P_S_DICT_ITEM (DICTTYPE, DICTCODE, DICTCODENAME, DICTPINYIN, DICTORDER, DICTFLAG, DICTCODE_PARENT)
values ('D_ORG_STATUS', '0', '关闭', null, null, null, null);
insert into T_P_S_DICT_ITEM (DICTTYPE, DICTCODE, DICTCODENAME, DICTPINYIN, DICTORDER, DICTFLAG, DICTCODE_PARENT)
values ('D_ORG_STATUS', '1', ' 正常', null, null, null, null);
insert into T_P_S_DICT_ITEM (DICTTYPE, DICTCODE, DICTCODENAME, DICTPINYIN, DICTORDER, DICTFLAG, DICTCODE_PARENT)
values ('D_ORG_STATUS', '2', '暂停', null, null, null, null);
insert into T_P_S_DICT_ITEM (DICTTYPE, DICTCODE, DICTCODENAME, DICTPINYIN, DICTORDER, DICTFLAG, DICTCODE_PARENT)
values ('D_ORG_STATUS', '3', '未启用', null, null, null, null);
insert into T_P_S_DICT_ITEM (DICTTYPE, DICTCODE, DICTCODENAME, DICTPINYIN, DICTORDER, DICTFLAG, DICTCODE_PARENT)
values ('D_ORG_SYS_SIGN', '0', '不上线', null, null, null, null);
insert into T_P_S_DICT_ITEM (DICTTYPE, DICTCODE, DICTCODENAME, DICTPINYIN, DICTORDER, DICTFLAG, DICTCODE_PARENT)
values ('D_ALLOT_CHECK_STATUS', '1', '已分配', null, null, null, null);
insert into T_P_S_DICT_ITEM (DICTTYPE, DICTCODE, DICTCODENAME, DICTPINYIN, DICTORDER, DICTFLAG, DICTCODE_PARENT)
values ('D_USER_STATE', '2', '关闭', null, null, null, null);
insert into T_P_S_DICT_ITEM (DICTTYPE, DICTCODE, DICTCODENAME, DICTPINYIN, DICTORDER, DICTFLAG, DICTCODE_PARENT)
values ('D_USER_STATE', '0', '开启', null, null, null, null);
insert into T_P_S_DICT_ITEM (DICTTYPE, DICTCODE, DICTCODENAME, DICTPINYIN, DICTORDER, DICTFLAG, DICTCODE_PARENT)
values ('D_APP_ORG_LEV', '1', '总行应用', null, null, null, null);
insert into T_P_S_DICT_ITEM (DICTTYPE, DICTCODE, DICTCODENAME, DICTPINYIN, DICTORDER, DICTFLAG, DICTCODE_PARENT)
values ('D_APP_ORG_LEV', '2', '一级分行应用', null, null, null, null);
insert into T_P_S_DICT_ITEM (DICTTYPE, DICTCODE, DICTCODENAME, DICTPINYIN, DICTORDER, DICTFLAG, DICTCODE_PARENT)
values ('D_CV_TYPE', '1', '借记卡', null, null, null, null);
insert into T_P_S_DICT_ITEM (DICTTYPE, DICTCODE, DICTCODENAME, DICTPINYIN, DICTORDER, DICTFLAG, DICTCODE_PARENT)
values ('D_CV_TYPE', '2', '贷记卡', null, null, null, null);
insert into T_P_S_DICT_ITEM (DICTTYPE, DICTCODE, DICTCODENAME, DICTPINYIN, DICTORDER, DICTFLAG, DICTCODE_PARENT)
values ('D_CERTIFICATE_TYPE', '0', '居民身份证', null, null, null, null);
insert into T_P_S_DICT_ITEM (DICTTYPE, DICTCODE, DICTCODENAME, DICTPINYIN, DICTORDER, DICTFLAG, DICTCODE_PARENT)
values ('D_CERTIFICATE_TYPE', '1', '临时身份证', null, null, null, null);
insert into T_P_S_DICT_ITEM (DICTTYPE, DICTCODE, DICTCODENAME, DICTPINYIN, DICTORDER, DICTFLAG, DICTCODE_PARENT)
values ('D_CERTIFICATE_TYPE', '2', '护照', null, null, null, null);
insert into T_P_S_DICT_ITEM (DICTTYPE, DICTCODE, DICTCODENAME, DICTPINYIN, DICTORDER, DICTFLAG, DICTCODE_PARENT)
values ('D_CERTIFICATE_TYPE', '3', '户口簿', null, null, null, null);
insert into T_P_S_DICT_ITEM (DICTTYPE, DICTCODE, DICTCODENAME, DICTPINYIN, DICTORDER, DICTFLAG, DICTCODE_PARENT)
values ('D_CERTIFICATE_TYPE', '4', '军人身份证', null, null, null, null);
insert into T_P_S_DICT_ITEM (DICTTYPE, DICTCODE, DICTCODENAME, DICTPINYIN, DICTORDER, DICTFLAG, DICTCODE_PARENT)
values ('D_CERTIFICATE_TYPE', '5', '武装警察身份证', null, null, null, null);
insert into T_P_S_DICT_ITEM (DICTTYPE, DICTCODE, DICTCODENAME, DICTPINYIN, DICTORDER, DICTFLAG, DICTCODE_PARENT)
values ('D_CERTIFICATE_TYPE', '6', '外交人员身份证', null, null, null, null);
insert into T_P_S_DICT_ITEM (DICTTYPE, DICTCODE, DICTCODENAME, DICTPINYIN, DICTORDER, DICTFLAG, DICTCODE_PARENT)
values ('D_CERTIFICATE_TYPE', '7', '外国人居留许可证', null, null, null, null);
insert into T_P_S_DICT_ITEM (DICTTYPE, DICTCODE, DICTCODENAME, DICTPINYIN, DICTORDER, DICTFLAG, DICTCODE_PARENT)
values ('D_CERTIFICATE_TYPE', '8', '边民出入境通行证', null, null, null, null);
insert into T_P_S_DICT_ITEM (DICTTYPE, DICTCODE, DICTCODENAME, DICTPINYIN, DICTORDER, DICTFLAG, DICTCODE_PARENT)
values ('D_CERTIFICATE_TYPE', '9', '其他', null, null, null, null);
insert into T_P_S_DICT_ITEM (DICTTYPE, DICTCODE, DICTCODENAME, DICTPINYIN, DICTORDER, DICTFLAG, DICTCODE_PARENT)
values ('D_CERTIFICATE_TYPE', 'A', '港澳居民来往内地通行证（香港）', null, null, null, null);
insert into T_P_S_DICT_ITEM (DICTTYPE, DICTCODE, DICTCODENAME, DICTPINYIN, DICTORDER, DICTFLAG, DICTCODE_PARENT)
values ('D_CERTIFICATE_TYPE', 'B', '港澳居民来往内地通行证（澳门）', null, null, null, null);
insert into T_P_S_DICT_ITEM (DICTTYPE, DICTCODE, DICTCODENAME, DICTPINYIN, DICTORDER, DICTFLAG, DICTCODE_PARENT)
values ('D_CERTIFICATE_TYPE', 'C', '台湾居民来往大陆通行证', null, null, null, null);
insert into T_P_S_DICT_ITEM (DICTTYPE, DICTCODE, DICTCODENAME, DICTPINYIN, DICTORDER, DICTFLAG, DICTCODE_PARENT)
values ('D_PRODUCT_STATE', '0', '已上架', null, null, null, null);
insert into T_P_S_DICT_ITEM (DICTTYPE, DICTCODE, DICTCODENAME, DICTPINYIN, DICTORDER, DICTFLAG, DICTCODE_PARENT)
values ('D_PRODUCT_STATE', '1', '已下架', null, null, null, null);
insert into T_P_S_DICT_ITEM (DICTTYPE, DICTCODE, DICTCODENAME, DICTPINYIN, DICTORDER, DICTFLAG, DICTCODE_PARENT)
values ('D_TRAN_TYPE', '00', '消费', null, null, null, null);
insert into T_P_S_DICT_ITEM (DICTTYPE, DICTCODE, DICTCODENAME, DICTPINYIN, DICTORDER, DICTFLAG, DICTCODE_PARENT)
values ('D_TRAN_TYPE', '01', '撤销', null, null, null, null);
insert into T_P_S_DICT_ITEM (DICTTYPE, DICTCODE, DICTCODENAME, DICTPINYIN, DICTORDER, DICTFLAG, DICTCODE_PARENT)
values ('D_TRAN_STATE', '00', '消费交易', null, null, null, null);
insert into T_P_S_DICT_ITEM (DICTTYPE, DICTCODE, DICTCODENAME, DICTPINYIN, DICTORDER, DICTFLAG, DICTCODE_PARENT)
values ('D_TRAN_STATE', '01', '撤销交易', null, null, null, null);
insert into T_P_S_DICT_ITEM (DICTTYPE, DICTCODE, DICTCODENAME, DICTPINYIN, DICTORDER, DICTFLAG, DICTCODE_PARENT)
values ('D_ACTIVITY_STATE', '1', '开启', null, null, null, null);
insert into T_P_S_DICT_ITEM (DICTTYPE, DICTCODE, DICTCODENAME, DICTPINYIN, DICTORDER, DICTFLAG, DICTCODE_PARENT)
values ('D_ACTIVITY_STATE', '0', '关闭', null, null, null, null);
insert into T_P_S_DICT_ITEM (DICTTYPE, DICTCODE, DICTCODENAME, DICTPINYIN, DICTORDER, DICTFLAG, DICTCODE_PARENT)
values ('SERVICE_STARE', '0', '开启', null, null, null, null);
insert into T_P_S_DICT_ITEM (DICTTYPE, DICTCODE, DICTCODENAME, DICTPINYIN, DICTORDER, DICTFLAG, DICTCODE_PARENT)
values ('SERVICE_STARE', '1', '关闭', null, null, null, null);
insert into T_P_S_DICT_ITEM (DICTTYPE, DICTCODE, DICTCODENAME, DICTPINYIN, DICTORDER, DICTFLAG, DICTCODE_PARENT)
values ('REVIEW_FLAG', '0', '已复核', null, null, null, null);
insert into T_P_S_DICT_ITEM (DICTTYPE, DICTCODE, DICTCODENAME, DICTPINYIN, DICTORDER, DICTFLAG, DICTCODE_PARENT)
values ('REVIEW_FLAG', '1', '未复核', null, null, null, null);
insert into T_P_S_DICT_ITEM (DICTTYPE, DICTCODE, DICTCODENAME, DICTPINYIN, DICTORDER, DICTFLAG, DICTCODE_PARENT)
values ('D_TRAN_STATE', '02', '已撤销交易', null, null, null, null);
commit;
prompt 107 records loaded
prompt Loading T_P_S_DICT_LIST...
insert into T_P_S_DICT_LIST (DICTTYPE, DICTTYPENAME, DICTFLAG, DICTTABLE_SQL, DICTTABLE_ORDER)
values ('D_CERTIFICATE_TYPE', '证件类型', '1', null, null);
insert into T_P_S_DICT_LIST (DICTTYPE, DICTTYPENAME, DICTFLAG, DICTTABLE_SQL, DICTTABLE_ORDER)
values ('D_DISCOUNT_TYPE', '优惠总金额限制类型', '1', null, null);
insert into T_P_S_DICT_LIST (DICTTYPE, DICTTYPENAME, DICTFLAG, DICTTABLE_SQL, DICTTABLE_ORDER)
values ('D_IHT_STATUS', '用户分组继承标志', '1', null, null);
insert into T_P_S_DICT_LIST (DICTTYPE, DICTTYPENAME, DICTFLAG, DICTTABLE_SQL, DICTTABLE_ORDER)
values ('D_WORKDATE_STATUS', '工作日期限制标志', '1', null, null);
insert into T_P_S_DICT_LIST (DICTTYPE, DICTTYPENAME, DICTFLAG, DICTTABLE_SQL, DICTTABLE_ORDER)
values ('D_STATUS', '状态', '1', null, null);
insert into T_P_S_DICT_LIST (DICTTYPE, DICTTYPENAME, DICTFLAG, DICTTABLE_SQL, DICTTABLE_ORDER)
values ('D_APP_ORG_LEV', '业务应用范围', '1', null, null);
insert into T_P_S_DICT_LIST (DICTTYPE, DICTTYPENAME, DICTFLAG, DICTTABLE_SQL, DICTTABLE_ORDER)
values ('D_WEEK', '周一至周日', '1', null, null);
insert into T_P_S_DICT_LIST (DICTTYPE, DICTTYPENAME, DICTFLAG, DICTTABLE_SQL, DICTTABLE_ORDER)
values ('D_INC_CODE_STATUS', '企业代码状态', '1', null, null);
insert into T_P_S_DICT_LIST (DICTTYPE, DICTTYPENAME, DICTFLAG, DICTTABLE_SQL, DICTTABLE_ORDER)
values ('D_USER_STATUS', '权限用户状态', '1', null, null);
insert into T_P_S_DICT_LIST (DICTTYPE, DICTTYPENAME, DICTFLAG, DICTTABLE_SQL, DICTTABLE_ORDER)
values ('D_ORG_STATE', '机构状态', '1', null, null);
insert into T_P_S_DICT_LIST (DICTTYPE, DICTTYPENAME, DICTFLAG, DICTTABLE_SQL, DICTTABLE_ORDER)
values ('D_WEB_USER_STATE', 'web用户状态', '1', null, null);
insert into T_P_S_DICT_LIST (DICTTYPE, DICTTYPENAME, DICTFLAG, DICTTABLE_SQL, DICTTABLE_ORDER)
values ('D_IHT_FLAG', '继承标志', '1', null, null);
insert into T_P_S_DICT_LIST (DICTTYPE, DICTTYPENAME, DICTFLAG, DICTTABLE_SQL, DICTTABLE_ORDER)
values ('D_WEB_USER_GRP_STATE', 'web用户分组状态', '1', null, null);
insert into T_P_S_DICT_LIST (DICTTYPE, DICTTYPENAME, DICTFLAG, DICTTABLE_SQL, DICTTABLE_ORDER)
values ('Org', '行内省行级以上机构', '2', 'select t.org_id, t.name from t_b_org t order by t.org_id', null);
insert into T_P_S_DICT_LIST (DICTTYPE, DICTTYPENAME, DICTFLAG, DICTTABLE_SQL, DICTTABLE_ORDER)
values ('D_USER_STATE', '用户状态', '1', null, null);
insert into T_P_S_DICT_LIST (DICTTYPE, DICTTYPENAME, DICTFLAG, DICTTABLE_SQL, DICTTABLE_ORDER)
values ('D_SYSFLAG', '操作系统', '1', null, null);
insert into T_P_S_DICT_LIST (DICTTYPE, DICTTYPENAME, DICTFLAG, DICTTABLE_SQL, DICTTABLE_ORDER)
values ('D_ORG_STATUS', '机构状态', '1', null, null);
insert into T_P_S_DICT_LIST (DICTTYPE, DICTTYPENAME, DICTFLAG, DICTTABLE_SQL, DICTTABLE_ORDER)
values ('D_ORG_SYS_SIGN', '机构新线系统标志', '1', null, null);
insert into T_P_S_DICT_LIST (DICTTYPE, DICTTYPENAME, DICTFLAG, DICTTABLE_SQL, DICTTABLE_ORDER)
values ('D_LOG_SYSFLAG', '稽核日志系统标志', '1', null, null);
insert into T_P_S_DICT_LIST (DICTTYPE, DICTTYPENAME, DICTFLAG, DICTTABLE_SQL, DICTTABLE_ORDER)
values ('D_YES_NO', '是否', '1', null, null);
insert into T_P_S_DICT_LIST (DICTTYPE, DICTTYPENAME, DICTFLAG, DICTTABLE_SQL, DICTTABLE_ORDER)
values ('D_RESOURCE_FLAG', '公私有', '1', null, null);
insert into T_P_S_DICT_LIST (DICTTYPE, DICTTYPENAME, DICTFLAG, DICTTABLE_SQL, DICTTABLE_ORDER)
values ('D_ACTIVITY_STATUS', '活动状态', '1', null, null);
insert into T_P_S_DICT_LIST (DICTTYPE, DICTTYPENAME, DICTFLAG, DICTTABLE_SQL, DICTTABLE_ORDER)
values ('D_CARD_RULE_FLAG', '卡规则标志', '1', null, null);
insert into T_P_S_DICT_LIST (DICTTYPE, DICTTYPENAME, DICTFLAG, DICTTABLE_SQL, DICTTABLE_ORDER)
values ('D_DISCOUNT_FLAG', '满减或折扣标志', '1', null, null);
insert into T_P_S_DICT_LIST (DICTTYPE, DICTTYPENAME, DICTFLAG, DICTTABLE_SQL, DICTTABLE_ORDER)
values ('D_GIFT_STATUS', '礼品状态', '1', null, null);
insert into T_P_S_DICT_LIST (DICTTYPE, DICTTYPENAME, DICTFLAG, DICTTABLE_SQL, DICTTABLE_ORDER)
values ('D_PRIORITY_FLAG', '优先级标志', '1', null, null);
insert into T_P_S_DICT_LIST (DICTTYPE, DICTTYPENAME, DICTFLAG, DICTTABLE_SQL, DICTTABLE_ORDER)
values ('D_LOTTERY_ITEM_TYPE', '奖项抽取方式', '1', null, null);
insert into T_P_S_DICT_LIST (DICTTYPE, DICTTYPENAME, DICTFLAG, DICTTABLE_SQL, DICTTABLE_ORDER)
values ('D_LOTTERY_WIN_STATUS', '抽奖奖品状态', '1', null, null);
insert into T_P_S_DICT_LIST (DICTTYPE, DICTTYPENAME, DICTFLAG, DICTTABLE_SQL, DICTTABLE_ORDER)
values ('D_CV_TYPE', '卡类型', '1', null, null);
insert into T_P_S_DICT_LIST (DICTTYPE, DICTTYPENAME, DICTFLAG, DICTTABLE_SQL, DICTTABLE_ORDER)
values ('D_TRAN_TYPE', '交易类型', '1', null, null);
insert into T_P_S_DICT_LIST (DICTTYPE, DICTTYPENAME, DICTFLAG, DICTTABLE_SQL, DICTTABLE_ORDER)
values ('D_PRODUCT_STATE', '商品状态', '1', null, null);
insert into T_P_S_DICT_LIST (DICTTYPE, DICTTYPENAME, DICTFLAG, DICTTABLE_SQL, DICTTABLE_ORDER)
values ('D_ACTIVITY_STATE', '活动状态', '1', null, null);
insert into T_P_S_DICT_LIST (DICTTYPE, DICTTYPENAME, DICTFLAG, DICTTABLE_SQL, DICTTABLE_ORDER)
values ('D_TRAN_STATE', '交易状态', '1', null, null);
insert into T_P_S_DICT_LIST (DICTTYPE, DICTTYPENAME, DICTFLAG, DICTTABLE_SQL, DICTTABLE_ORDER)
values ('SERVICE_STARE', '商户开启关闭', '1', null, null);
insert into T_P_S_DICT_LIST (DICTTYPE, DICTTYPENAME, DICTFLAG, DICTTABLE_SQL, DICTTABLE_ORDER)
values ('REVIEW_FLAG', '复核标识', '1', null, null);
commit;
prompt 35 records loaded
prompt Loading T_WEB_P_OPERATION_LOGINFO...
insert into T_WEB_P_OPERATION_LOGINFO (ID, MODULE_NAME, METHOD_DESCRIPTION, ORG_ID, USER_NAME, OPERATOR_TIME, SYSFLAG, MER_NO, IP)
values ('26113', 'UserExtManager', '保存当前用户登录IP', '00004', 'admin', '20181018094746', '0', '00004          ', '22.164.36.136');
insert into T_WEB_P_OPERATION_LOGINFO (ID, MODULE_NAME, METHOD_DESCRIPTION, ORG_ID, USER_NAME, OPERATOR_TIME, SYSFLAG, MER_NO, IP)
values ('26114', 'UserExtManager', '保存当前用户登录IP', '00004', 'admin', '20181018100330', '0', '00004          ', '22.164.36.136');
insert into T_WEB_P_OPERATION_LOGINFO (ID, MODULE_NAME, METHOD_DESCRIPTION, ORG_ID, USER_NAME, OPERATOR_TIME, SYSFLAG, MER_NO, IP)
values ('26115', 'UserExtManager', '保存当前用户登录IP', '00004', 'admin', '20181018101139', '0', '00004          ', '22.164.36.136');
insert into T_WEB_P_OPERATION_LOGINFO (ID, MODULE_NAME, METHOD_DESCRIPTION, ORG_ID, USER_NAME, OPERATOR_TIME, SYSFLAG, MER_NO, IP)
values ('26116', 'UserExtManager', '保存当前用户登录IP', '00004', 'admin', '20181018101358', '0', '00004          ', '22.164.36.136');
insert into T_WEB_P_OPERATION_LOGINFO (ID, MODULE_NAME, METHOD_DESCRIPTION, ORG_ID, USER_NAME, OPERATOR_TIME, SYSFLAG, MER_NO, IP)
values ('26117', 'UserExtManager', '保存当前用户登录IP', '00004', 'admin', '20181018101616', '0', '00004          ', '22.164.36.136');
insert into T_WEB_P_OPERATION_LOGINFO (ID, MODULE_NAME, METHOD_DESCRIPTION, ORG_ID, USER_NAME, OPERATOR_TIME, SYSFLAG, MER_NO, IP)
values ('26118', 'UserExtManager', '保存当前用户登录IP', '00004', 'admin', '20181018101734', '0', '00004          ', '22.164.36.136');
insert into T_WEB_P_OPERATION_LOGINFO (ID, MODULE_NAME, METHOD_DESCRIPTION, ORG_ID, USER_NAME, OPERATOR_TIME, SYSFLAG, MER_NO, IP)
values ('26119', 'UserExtManager', '保存当前用户登录IP', '00004', 'admin', '20181018103211', '0', '00004          ', '22.164.36.136');
insert into T_WEB_P_OPERATION_LOGINFO (ID, MODULE_NAME, METHOD_DESCRIPTION, ORG_ID, USER_NAME, OPERATOR_TIME, SYSFLAG, MER_NO, IP)
values ('26120', 'UserExtManager', '保存当前用户登录IP', '00004', 'admin', '20181018103538', '0', '00004          ', '22.164.36.136');
insert into T_WEB_P_OPERATION_LOGINFO (ID, MODULE_NAME, METHOD_DESCRIPTION, ORG_ID, USER_NAME, OPERATOR_TIME, SYSFLAG, MER_NO, IP)
values ('26121', 'UserExtManager', '保存当前用户登录IP', '00004', 'admin', '20181018103645', '0', '00004          ', '22.164.36.136');
insert into T_WEB_P_OPERATION_LOGINFO (ID, MODULE_NAME, METHOD_DESCRIPTION, ORG_ID, USER_NAME, OPERATOR_TIME, SYSFLAG, MER_NO, IP)
values ('26122', 'UserExtManager', '保存当前用户登录IP', '00004', 'admin', '20181018103731', '0', '00004          ', '22.164.36.136');
insert into T_WEB_P_OPERATION_LOGINFO (ID, MODULE_NAME, METHOD_DESCRIPTION, ORG_ID, USER_NAME, OPERATOR_TIME, SYSFLAG, MER_NO, IP)
values ('26123', 'UserExtManager', '保存当前用户登录IP', '00004', 'admin', '20181018103837', '0', '00004          ', '22.164.36.136');
insert into T_WEB_P_OPERATION_LOGINFO (ID, MODULE_NAME, METHOD_DESCRIPTION, ORG_ID, USER_NAME, OPERATOR_TIME, SYSFLAG, MER_NO, IP)
values ('26124', 'UserExtManager', '保存当前用户登录IP', '00004', 'admin', '20181018103930', '0', '00004          ', '22.164.36.136');
insert into T_WEB_P_OPERATION_LOGINFO (ID, MODULE_NAME, METHOD_DESCRIPTION, ORG_ID, USER_NAME, OPERATOR_TIME, SYSFLAG, MER_NO, IP)
values ('26125', 'UserExtManager', '保存当前用户登录IP', '00004', 'admin', '20181018104046', '0', '00004          ', '22.164.36.136');
insert into T_WEB_P_OPERATION_LOGINFO (ID, MODULE_NAME, METHOD_DESCRIPTION, ORG_ID, USER_NAME, OPERATOR_TIME, SYSFLAG, MER_NO, IP)
values ('26126', 'UserExtManager', '保存当前用户登录IP', '00004', 'admin', '20181018105150', '0', '00004          ', '22.164.36.136');
insert into T_WEB_P_OPERATION_LOGINFO (ID, MODULE_NAME, METHOD_DESCRIPTION, ORG_ID, USER_NAME, OPERATOR_TIME, SYSFLAG, MER_NO, IP)
values ('26127', 'UserExtManager', '保存当前用户登录IP', '00004', 'admin', '20181018111637', '0', '00004          ', '22.164.36.136');
insert into T_WEB_P_OPERATION_LOGINFO (ID, MODULE_NAME, METHOD_DESCRIPTION, ORG_ID, USER_NAME, OPERATOR_TIME, SYSFLAG, MER_NO, IP)
values ('26128', 'UserExtManager', '保存当前用户登录IP', '00004', 'admin', '20181018141612', '0', '00004          ', '22.164.36.136');
insert into T_WEB_P_OPERATION_LOGINFO (ID, MODULE_NAME, METHOD_DESCRIPTION, ORG_ID, USER_NAME, OPERATOR_TIME, SYSFLAG, MER_NO, IP)
values ('26129', 'UserExtManager', '保存当前用户登录IP', '00004', 'admin', '20181018142944', '0', '00004          ', '22.164.36.136');
insert into T_WEB_P_OPERATION_LOGINFO (ID, MODULE_NAME, METHOD_DESCRIPTION, ORG_ID, USER_NAME, OPERATOR_TIME, SYSFLAG, MER_NO, IP)
values ('26130', 'UserExtManager', '保存当前用户登录IP', '00004', 'admin', '20181018143328', '0', '00004          ', '22.164.36.136');
insert into T_WEB_P_OPERATION_LOGINFO (ID, MODULE_NAME, METHOD_DESCRIPTION, ORG_ID, USER_NAME, OPERATOR_TIME, SYSFLAG, MER_NO, IP)
values ('26131', 'UserExtManager', '保存当前用户登录IP', '00004', 'admin', '20181018143502', '0', '00004          ', '22.164.36.136');
insert into T_WEB_P_OPERATION_LOGINFO (ID, MODULE_NAME, METHOD_DESCRIPTION, ORG_ID, USER_NAME, OPERATOR_TIME, SYSFLAG, MER_NO, IP)
values ('26132', 'UserExtManager', '保存当前用户登录IP', '00004', 'admin', '20181018143936', '0', '00004          ', '22.164.36.136');
insert into T_WEB_P_OPERATION_LOGINFO (ID, MODULE_NAME, METHOD_DESCRIPTION, ORG_ID, USER_NAME, OPERATOR_TIME, SYSFLAG, MER_NO, IP)
values ('26133', 'UserExtManager', '保存当前用户登录IP', '00004', 'admin', '20181018144557', '0', '00004          ', '22.164.36.136');
insert into T_WEB_P_OPERATION_LOGINFO (ID, MODULE_NAME, METHOD_DESCRIPTION, ORG_ID, USER_NAME, OPERATOR_TIME, SYSFLAG, MER_NO, IP)
values ('26134', 'UserExtManager', '保存当前用户登录IP', '00004', 'admin', '20181018145548', '0', '00004          ', '22.164.36.136');
insert into T_WEB_P_OPERATION_LOGINFO (ID, MODULE_NAME, METHOD_DESCRIPTION, ORG_ID, USER_NAME, OPERATOR_TIME, SYSFLAG, MER_NO, IP)
values ('26147', 'UserExtManager', '保存当前用户登录IP', '00004', 'admin', '20181018171553', '0', '00004          ', '22.164.36.136');
insert into T_WEB_P_OPERATION_LOGINFO (ID, MODULE_NAME, METHOD_DESCRIPTION, ORG_ID, USER_NAME, OPERATOR_TIME, SYSFLAG, MER_NO, IP)
values ('26148', 'UserExtManager', '保存当前用户登录IP', '00004', 'admin', '20181018171713', '0', '00004          ', '22.164.36.136');
insert into T_WEB_P_OPERATION_LOGINFO (ID, MODULE_NAME, METHOD_DESCRIPTION, ORG_ID, USER_NAME, OPERATOR_TIME, SYSFLAG, MER_NO, IP)
values ('26149', 'UserExtManager', '保存当前用户登录IP', '000000', 'admin', '20181018175727', '0', '000000         ', '22.164.36.136');
insert into T_WEB_P_OPERATION_LOGINFO (ID, MODULE_NAME, METHOD_DESCRIPTION, ORG_ID, USER_NAME, OPERATOR_TIME, SYSFLAG, MER_NO, IP)
values ('26173', 'UserExtManager', '保存当前用户登录IP', '000001', 'admin', '20181030132253', '0', '000001         ', '22.164.36.136');
insert into T_WEB_P_OPERATION_LOGINFO (ID, MODULE_NAME, METHOD_DESCRIPTION, ORG_ID, USER_NAME, OPERATOR_TIME, SYSFLAG, MER_NO, IP)
values ('26174', 'UserExtManager', '保存当前用户登录IP', '000001', 'admin', '20181030154837', '0', '000001         ', '22.164.36.136');
insert into T_WEB_P_OPERATION_LOGINFO (ID, MODULE_NAME, METHOD_DESCRIPTION, ORG_ID, USER_NAME, OPERATOR_TIME, SYSFLAG, MER_NO, IP)
values ('26175', 'UserExtManager', '保存当前用户登录IP', '000001', 'admin', '20181030170015', '0', '000001         ', '22.164.36.136');
insert into T_WEB_P_OPERATION_LOGINFO (ID, MODULE_NAME, METHOD_DESCRIPTION, ORG_ID, USER_NAME, OPERATOR_TIME, SYSFLAG, MER_NO, IP)
values ('26193', 'UserExtManager', '保存当前用户登录IP', '000001', 'admin', '20181105135015', '0', '000001         ', '22.164.36.136');
insert into T_WEB_P_OPERATION_LOGINFO (ID, MODULE_NAME, METHOD_DESCRIPTION, ORG_ID, USER_NAME, OPERATOR_TIME, SYSFLAG, MER_NO, IP)
values ('26194', 'UserExtManager', '保存当前用户登录IP', '000001', 'admin', '20181105135026', '0', '000001         ', '22.164.36.136');
insert into T_WEB_P_OPERATION_LOGINFO (ID, MODULE_NAME, METHOD_DESCRIPTION, ORG_ID, USER_NAME, OPERATOR_TIME, SYSFLAG, MER_NO, IP)
values ('26195', 'UserExtManager', '保存当前用户登录IP', '000001', 'admin', '20181105135140', '0', '000001         ', '22.164.36.136');
insert into T_WEB_P_OPERATION_LOGINFO (ID, MODULE_NAME, METHOD_DESCRIPTION, ORG_ID, USER_NAME, OPERATOR_TIME, SYSFLAG, MER_NO, IP)
values ('26196', 'UserExtManager', '保存当前用户登录IP', '000001', 'admin', '20181105141837', '0', '000001         ', '22.164.36.136');
insert into T_WEB_P_OPERATION_LOGINFO (ID, MODULE_NAME, METHOD_DESCRIPTION, ORG_ID, USER_NAME, OPERATOR_TIME, SYSFLAG, MER_NO, IP)
values ('26197', 'UserExtManager', '保存当前用户登录IP', '000001', 'admin', '20181105142008', '0', '000001         ', '22.164.36.136');
insert into T_WEB_P_OPERATION_LOGINFO (ID, MODULE_NAME, METHOD_DESCRIPTION, ORG_ID, USER_NAME, OPERATOR_TIME, SYSFLAG, MER_NO, IP)
values ('26198', 'UserExtManager', '保存当前用户登录IP', '000001', 'admin', '20181105142046', '0', '000001         ', '22.164.36.136');
insert into T_WEB_P_OPERATION_LOGINFO (ID, MODULE_NAME, METHOD_DESCRIPTION, ORG_ID, USER_NAME, OPERATOR_TIME, SYSFLAG, MER_NO, IP)
values ('26199', 'UserExtManager', '保存当前用户登录IP', '000001', 'admin', '20181105142054', '0', '000001         ', '22.164.36.136');
insert into T_WEB_P_OPERATION_LOGINFO (ID, MODULE_NAME, METHOD_DESCRIPTION, ORG_ID, USER_NAME, OPERATOR_TIME, SYSFLAG, MER_NO, IP)
values ('26172', 'UserExtManager', '保存当前用户登录IP', '000001', 'admin', '20181030115939', '0', '000001         ', '22.164.36.136');
insert into T_WEB_P_OPERATION_LOGINFO (ID, MODULE_NAME, METHOD_DESCRIPTION, ORG_ID, USER_NAME, OPERATOR_TIME, SYSFLAG, MER_NO, IP)
values ('26192', 'UserExtManager', '保存当前用户登录IP', '000001', 'admin', '20181105133628', '0', '000001         ', '22.164.36.136');
insert into T_WEB_P_OPERATION_LOGINFO (ID, MODULE_NAME, METHOD_DESCRIPTION, ORG_ID, USER_NAME, OPERATOR_TIME, SYSFLAG, MER_NO, IP)
values ('26200', 'UserExtManager', '保存当前用户登录IP', '000001', 'admin', '20181105142306', '0', '000001         ', '22.164.36.136');
insert into T_WEB_P_OPERATION_LOGINFO (ID, MODULE_NAME, METHOD_DESCRIPTION, ORG_ID, USER_NAME, OPERATOR_TIME, SYSFLAG, MER_NO, IP)
values ('26201', 'UserExtManager', '保存当前用户登录IP', '000001', 'admin', '20181105151410', '0', '000001         ', '22.164.36.136');
insert into T_WEB_P_OPERATION_LOGINFO (ID, MODULE_NAME, METHOD_DESCRIPTION, ORG_ID, USER_NAME, OPERATOR_TIME, SYSFLAG, MER_NO, IP)
values ('26202', 'UserExtManager', '保存当前用户登录IP', '000001', 'admin', '20181105151457', '0', '000001         ', '22.164.36.136');
insert into T_WEB_P_OPERATION_LOGINFO (ID, MODULE_NAME, METHOD_DESCRIPTION, ORG_ID, USER_NAME, OPERATOR_TIME, SYSFLAG, MER_NO, IP)
values ('26206', 'UserExtManager', '保存当前用户登录IP', '000001', 'admin', '20181107133155', '0', '000001         ', '22.164.36.136');
insert into T_WEB_P_OPERATION_LOGINFO (ID, MODULE_NAME, METHOD_DESCRIPTION, ORG_ID, USER_NAME, OPERATOR_TIME, SYSFLAG, MER_NO, IP)
values ('26207', 'UserExtManager', '保存当前用户登录IP', '000001', 'admin', '20181107133235', '0', '000001         ', '22.164.36.136');
insert into T_WEB_P_OPERATION_LOGINFO (ID, MODULE_NAME, METHOD_DESCRIPTION, ORG_ID, USER_NAME, OPERATOR_TIME, SYSFLAG, MER_NO, IP)
values ('26208', 'UserExtManager', '保存当前用户登录IP', '000001', 'admin', '20181107133240', '0', '000001         ', '22.164.36.136');
insert into T_WEB_P_OPERATION_LOGINFO (ID, MODULE_NAME, METHOD_DESCRIPTION, ORG_ID, USER_NAME, OPERATOR_TIME, SYSFLAG, MER_NO, IP)
values ('26209', 'UserExtManager', '保存当前用户登录IP', '000001', 'admin', '20181107133956', '0', '000001         ', '22.164.36.136');
insert into T_WEB_P_OPERATION_LOGINFO (ID, MODULE_NAME, METHOD_DESCRIPTION, ORG_ID, USER_NAME, OPERATOR_TIME, SYSFLAG, MER_NO, IP)
values ('26166', 'UserExtManager', '保存当前用户登录IP', '000001', 'admin', '20181029150218', '0', '000001         ', '22.164.36.136');
insert into T_WEB_P_OPERATION_LOGINFO (ID, MODULE_NAME, METHOD_DESCRIPTION, ORG_ID, USER_NAME, OPERATOR_TIME, SYSFLAG, MER_NO, IP)
values ('26164', 'UserExtManager', '保存当前用户登录IP', '000001', 'admin', '20181029144207', '0', '000001         ', '22.164.36.136');
insert into T_WEB_P_OPERATION_LOGINFO (ID, MODULE_NAME, METHOD_DESCRIPTION, ORG_ID, USER_NAME, OPERATOR_TIME, SYSFLAG, MER_NO, IP)
values ('26165', 'UserExtManager', '保存当前用户登录IP', '000001', 'admin', '20181029144839', '0', '000001         ', '22.164.36.136');
insert into T_WEB_P_OPERATION_LOGINFO (ID, MODULE_NAME, METHOD_DESCRIPTION, ORG_ID, USER_NAME, OPERATOR_TIME, SYSFLAG, MER_NO, IP)
values ('26167', 'UserExtManager', '保存当前用户登录IP', '000001', 'admin', '20181029153528', '0', '000001         ', '22.164.36.136');
insert into T_WEB_P_OPERATION_LOGINFO (ID, MODULE_NAME, METHOD_DESCRIPTION, ORG_ID, USER_NAME, OPERATOR_TIME, SYSFLAG, MER_NO, IP)
values ('26168', 'UserManager', '用户分组信息管理-新增用户分组信息及额外信息', '000001', 'admin', '20181029162343', '0', '000001         ', '22.164.36.136');
insert into T_WEB_P_OPERATION_LOGINFO (ID, MODULE_NAME, METHOD_DESCRIPTION, ORG_ID, USER_NAME, OPERATOR_TIME, SYSFLAG, MER_NO, IP)
values ('26169', 'UserExtManager', '保存当前用户登录IP', '000001', 'admin', '20181030100246', '0', '000001         ', '22.164.36.136');
insert into T_WEB_P_OPERATION_LOGINFO (ID, MODULE_NAME, METHOD_DESCRIPTION, ORG_ID, USER_NAME, OPERATOR_TIME, SYSFLAG, MER_NO, IP)
values ('26188', 'UserExtManager', '保存当前用户登录IP', '000001', 'admin', '20181101143419', '0', '000001         ', '22.164.36.136');
insert into T_WEB_P_OPERATION_LOGINFO (ID, MODULE_NAME, METHOD_DESCRIPTION, ORG_ID, USER_NAME, OPERATOR_TIME, SYSFLAG, MER_NO, IP)
values ('26203', 'UserExtManager', '保存当前用户登录IP', '000001', 'admin', '20181106141305', '0', '000001         ', '22.164.36.136');
insert into T_WEB_P_OPERATION_LOGINFO (ID, MODULE_NAME, METHOD_DESCRIPTION, ORG_ID, USER_NAME, OPERATOR_TIME, SYSFLAG, MER_NO, IP)
values ('26135', 'UserExtManager', '保存当前用户登录IP', '00004', 'admin', '20181018150916', '0', '00004          ', '22.164.36.136');
insert into T_WEB_P_OPERATION_LOGINFO (ID, MODULE_NAME, METHOD_DESCRIPTION, ORG_ID, USER_NAME, OPERATOR_TIME, SYSFLAG, MER_NO, IP)
values ('26136', 'UserExtManager', '保存当前用户登录IP', '00004', 'admin', '20181018153025', '0', '00004          ', '22.164.36.136');
insert into T_WEB_P_OPERATION_LOGINFO (ID, MODULE_NAME, METHOD_DESCRIPTION, ORG_ID, USER_NAME, OPERATOR_TIME, SYSFLAG, MER_NO, IP)
values ('26137', 'UserExtManager', '保存当前用户登录IP', '00004', 'admin', '20181018154419', '0', '00004          ', '22.164.36.136');
insert into T_WEB_P_OPERATION_LOGINFO (ID, MODULE_NAME, METHOD_DESCRIPTION, ORG_ID, USER_NAME, OPERATOR_TIME, SYSFLAG, MER_NO, IP)
values ('26138', 'UserExtManager', '保存当前用户登录IP', '00004', 'admin', '20181018154742', '0', '00004          ', '22.164.36.136');
insert into T_WEB_P_OPERATION_LOGINFO (ID, MODULE_NAME, METHOD_DESCRIPTION, ORG_ID, USER_NAME, OPERATOR_TIME, SYSFLAG, MER_NO, IP)
values ('26139', 'UserExtManager', '保存当前用户登录IP', '00004', 'admin', '20181018154834', '0', '00004          ', '22.164.36.136');
insert into T_WEB_P_OPERATION_LOGINFO (ID, MODULE_NAME, METHOD_DESCRIPTION, ORG_ID, USER_NAME, OPERATOR_TIME, SYSFLAG, MER_NO, IP)
values ('26140', 'UserExtManager', '保存当前用户登录IP', '00004', 'admin', '20181018155623', '0', '00004          ', '22.164.36.136');
insert into T_WEB_P_OPERATION_LOGINFO (ID, MODULE_NAME, METHOD_DESCRIPTION, ORG_ID, USER_NAME, OPERATOR_TIME, SYSFLAG, MER_NO, IP)
values ('26141', 'UserExtManager', '保存当前用户登录IP', '00004', 'admin', '20181018155655', '0', '00004          ', '22.164.36.136');
insert into T_WEB_P_OPERATION_LOGINFO (ID, MODULE_NAME, METHOD_DESCRIPTION, ORG_ID, USER_NAME, OPERATOR_TIME, SYSFLAG, MER_NO, IP)
values ('26142', 'UserExtManager', '保存当前用户登录IP', '00004', 'admin', '20181018161116', '0', '00004          ', '22.164.36.136');
insert into T_WEB_P_OPERATION_LOGINFO (ID, MODULE_NAME, METHOD_DESCRIPTION, ORG_ID, USER_NAME, OPERATOR_TIME, SYSFLAG, MER_NO, IP)
values ('26143', 'UserExtManager', '保存当前用户登录IP', '00004', 'admin', '20181018161407', '0', '00004          ', '22.164.36.136');
insert into T_WEB_P_OPERATION_LOGINFO (ID, MODULE_NAME, METHOD_DESCRIPTION, ORG_ID, USER_NAME, OPERATOR_TIME, SYSFLAG, MER_NO, IP)
values ('26144', 'UserExtManager', '保存当前用户登录IP', '00004', 'admin', '20181018165519', '0', '00004          ', '22.164.36.136');
insert into T_WEB_P_OPERATION_LOGINFO (ID, MODULE_NAME, METHOD_DESCRIPTION, ORG_ID, USER_NAME, OPERATOR_TIME, SYSFLAG, MER_NO, IP)
values ('26145', 'UserExtManager', '保存当前用户登录IP', '00004', 'admin', '20181018165810', '0', '00004          ', '22.164.36.136');
insert into T_WEB_P_OPERATION_LOGINFO (ID, MODULE_NAME, METHOD_DESCRIPTION, ORG_ID, USER_NAME, OPERATOR_TIME, SYSFLAG, MER_NO, IP)
values ('26146', 'UserExtManager', '保存当前用户登录IP', '00004', 'admin', '20181018165940', '0', '00004          ', '22.164.36.136');
insert into T_WEB_P_OPERATION_LOGINFO (ID, MODULE_NAME, METHOD_DESCRIPTION, ORG_ID, USER_NAME, OPERATOR_TIME, SYSFLAG, MER_NO, IP)
values ('26152', 'UserExtManager', '保存当前用户登录IP', '000001', 'admin', '20181019112126', '0', '000001         ', '22.164.36.136');
insert into T_WEB_P_OPERATION_LOGINFO (ID, MODULE_NAME, METHOD_DESCRIPTION, ORG_ID, USER_NAME, OPERATOR_TIME, SYSFLAG, MER_NO, IP)
values ('26153', 'UserExtManager', '保存当前用户登录IP', '000001', 'admin', '20181019112616', '0', '000001         ', '22.164.36.136');
insert into T_WEB_P_OPERATION_LOGINFO (ID, MODULE_NAME, METHOD_DESCRIPTION, ORG_ID, USER_NAME, OPERATOR_TIME, SYSFLAG, MER_NO, IP)
values ('26154', 'UserExtManager', '保存当前用户登录IP', '000001', 'admin', '20181019115042', '0', '000001         ', '22.164.36.136');
insert into T_WEB_P_OPERATION_LOGINFO (ID, MODULE_NAME, METHOD_DESCRIPTION, ORG_ID, USER_NAME, OPERATOR_TIME, SYSFLAG, MER_NO, IP)
values ('26155', 'UserExtManager', '保存当前用户登录IP', '000001', 'admin', '20181019131216', '0', '000001         ', '22.164.36.136');
insert into T_WEB_P_OPERATION_LOGINFO (ID, MODULE_NAME, METHOD_DESCRIPTION, ORG_ID, USER_NAME, OPERATOR_TIME, SYSFLAG, MER_NO, IP)
values ('26170', 'UserExtManager', '保存当前用户登录IP', '000001', 'admin', '20181030112606', '0', '000001         ', '22.164.36.136');
insert into T_WEB_P_OPERATION_LOGINFO (ID, MODULE_NAME, METHOD_DESCRIPTION, ORG_ID, USER_NAME, OPERATOR_TIME, SYSFLAG, MER_NO, IP)
values ('26171', 'UserExtManager', '保存当前用户登录IP', '000001', 'admin', '20181030113920', '0', '000001         ', '22.164.36.136');
insert into T_WEB_P_OPERATION_LOGINFO (ID, MODULE_NAME, METHOD_DESCRIPTION, ORG_ID, USER_NAME, OPERATOR_TIME, SYSFLAG, MER_NO, IP)
values ('26182', 'UserExtManager', '保存当前用户登录IP', '000001', 'admin', '20181031103006', '0', '000001         ', '22.164.36.136');
insert into T_WEB_P_OPERATION_LOGINFO (ID, MODULE_NAME, METHOD_DESCRIPTION, ORG_ID, USER_NAME, OPERATOR_TIME, SYSFLAG, MER_NO, IP)
values ('26183', 'UserExtManager', '保存当前用户登录IP', '000001', 'admin', '20181031104847', '0', '000001         ', '22.164.36.136');
insert into T_WEB_P_OPERATION_LOGINFO (ID, MODULE_NAME, METHOD_DESCRIPTION, ORG_ID, USER_NAME, OPERATOR_TIME, SYSFLAG, MER_NO, IP)
values ('26211', 'UserExtManager', '保存当前用户登录IP', '000001', 'admin', '20181107154923', '0', '000001         ', '22.164.36.136');
insert into T_WEB_P_OPERATION_LOGINFO (ID, MODULE_NAME, METHOD_DESCRIPTION, ORG_ID, USER_NAME, OPERATOR_TIME, SYSFLAG, MER_NO, IP)
values ('26212', 'UserExtManager', '保存当前用户登录IP', '000001', 'admin', '20181107155905', '0', '000001         ', '22.164.36.136');
insert into T_WEB_P_OPERATION_LOGINFO (ID, MODULE_NAME, METHOD_DESCRIPTION, ORG_ID, USER_NAME, OPERATOR_TIME, SYSFLAG, MER_NO, IP)
values ('26213', 'UserExtManager', '保存当前用户登录IP', '000001', 'admin', '20181107160036', '0', '000001         ', '22.164.36.136');
insert into T_WEB_P_OPERATION_LOGINFO (ID, MODULE_NAME, METHOD_DESCRIPTION, ORG_ID, USER_NAME, OPERATOR_TIME, SYSFLAG, MER_NO, IP)
values ('26214', 'UserExtManager', '保存当前用户登录IP', '000001', 'admin', '20181107160239', '0', '000001         ', '22.164.36.136');
insert into T_WEB_P_OPERATION_LOGINFO (ID, MODULE_NAME, METHOD_DESCRIPTION, ORG_ID, USER_NAME, OPERATOR_TIME, SYSFLAG, MER_NO, IP)
values ('26215', 'UserExtManager', '保存当前用户登录IP', '000001', 'admin', '20181107161427', '0', '000001         ', '22.164.36.136');
insert into T_WEB_P_OPERATION_LOGINFO (ID, MODULE_NAME, METHOD_DESCRIPTION, ORG_ID, USER_NAME, OPERATOR_TIME, SYSFLAG, MER_NO, IP)
values ('26216', 'UserExtManager', '保存当前用户登录IP', '000001', 'admin', '20181107161714', '0', '000001         ', '22.164.36.136');
insert into T_WEB_P_OPERATION_LOGINFO (ID, MODULE_NAME, METHOD_DESCRIPTION, ORG_ID, USER_NAME, OPERATOR_TIME, SYSFLAG, MER_NO, IP)
values ('26217', 'UserExtManager', '保存当前用户登录IP', '000001', 'admin', '20181107162334', '0', '000001         ', '22.164.36.136');
insert into T_WEB_P_OPERATION_LOGINFO (ID, MODULE_NAME, METHOD_DESCRIPTION, ORG_ID, USER_NAME, OPERATOR_TIME, SYSFLAG, MER_NO, IP)
values ('26218', 'UserExtManager', '保存当前用户登录IP', '000001', 'admin', '20181107164235', '0', '000001         ', '22.164.36.136');
insert into T_WEB_P_OPERATION_LOGINFO (ID, MODULE_NAME, METHOD_DESCRIPTION, ORG_ID, USER_NAME, OPERATOR_TIME, SYSFLAG, MER_NO, IP)
values ('26219', 'UserExtManager', '保存当前用户登录IP', '000001', 'admin', '20181107164417', '0', '000001         ', '22.164.36.136');
insert into T_WEB_P_OPERATION_LOGINFO (ID, MODULE_NAME, METHOD_DESCRIPTION, ORG_ID, USER_NAME, OPERATOR_TIME, SYSFLAG, MER_NO, IP)
values ('26220', 'UserExtManager', '保存当前用户登录IP', '000001', 'admin', '20181107171052', '0', '000001         ', '22.164.36.136');
insert into T_WEB_P_OPERATION_LOGINFO (ID, MODULE_NAME, METHOD_DESCRIPTION, ORG_ID, USER_NAME, OPERATOR_TIME, SYSFLAG, MER_NO, IP)
values ('26221', 'UserExtManager', '保存当前用户登录IP', '000001', 'admin', '20181107171308', '0', '000001         ', '22.164.36.136');
insert into T_WEB_P_OPERATION_LOGINFO (ID, MODULE_NAME, METHOD_DESCRIPTION, ORG_ID, USER_NAME, OPERATOR_TIME, SYSFLAG, MER_NO, IP)
values ('26222', 'UserExtManager', '保存当前用户登录IP', '000001', 'admin', '20181107172140', '0', '000001         ', '22.164.36.136');
insert into T_WEB_P_OPERATION_LOGINFO (ID, MODULE_NAME, METHOD_DESCRIPTION, ORG_ID, USER_NAME, OPERATOR_TIME, SYSFLAG, MER_NO, IP)
values ('26223', 'UserExtManager', '保存当前用户登录IP', '000001', 'admin', '20181107172822', '0', '000001         ', '22.164.36.136');
insert into T_WEB_P_OPERATION_LOGINFO (ID, MODULE_NAME, METHOD_DESCRIPTION, ORG_ID, USER_NAME, OPERATOR_TIME, SYSFLAG, MER_NO, IP)
values ('26224', 'UserExtManager', '保存当前用户登录IP', '000001', 'admin', '20181107173601', '0', '000001         ', '22.164.36.136');
insert into T_WEB_P_OPERATION_LOGINFO (ID, MODULE_NAME, METHOD_DESCRIPTION, ORG_ID, USER_NAME, OPERATOR_TIME, SYSFLAG, MER_NO, IP)
values ('26225', 'UserExtManager', '保存当前用户登录IP', '000001', 'admin', '20181107173917', '0', '000001         ', '22.164.36.136');
insert into T_WEB_P_OPERATION_LOGINFO (ID, MODULE_NAME, METHOD_DESCRIPTION, ORG_ID, USER_NAME, OPERATOR_TIME, SYSFLAG, MER_NO, IP)
values ('26226', 'UserExtManager', '保存当前用户登录IP', '000001', 'admin', '20181107174111', '0', '000001         ', '22.164.36.136');
insert into T_WEB_P_OPERATION_LOGINFO (ID, MODULE_NAME, METHOD_DESCRIPTION, ORG_ID, USER_NAME, OPERATOR_TIME, SYSFLAG, MER_NO, IP)
values ('26227', 'UserExtManager', '保存当前用户登录IP', '000001', 'admin', '20181107175740', '0', '000001         ', '22.164.36.136');
insert into T_WEB_P_OPERATION_LOGINFO (ID, MODULE_NAME, METHOD_DESCRIPTION, ORG_ID, USER_NAME, OPERATOR_TIME, SYSFLAG, MER_NO, IP)
values ('26228', 'UserExtManager', '保存当前用户登录IP', '000001', 'admin', '20181107180012', '0', '000001         ', '22.164.36.136');
insert into T_WEB_P_OPERATION_LOGINFO (ID, MODULE_NAME, METHOD_DESCRIPTION, ORG_ID, USER_NAME, OPERATOR_TIME, SYSFLAG, MER_NO, IP)
values ('26229', 'UserExtManager', '保存当前用户登录IP', '000001', 'admin', '20181107180312', '0', '000001         ', '22.164.36.136');
insert into T_WEB_P_OPERATION_LOGINFO (ID, MODULE_NAME, METHOD_DESCRIPTION, ORG_ID, USER_NAME, OPERATOR_TIME, SYSFLAG, MER_NO, IP)
values ('26230', 'UserExtManager', '保存当前用户登录IP', '000001', 'admin', '20181107181135', '0', '000001         ', '22.164.36.136');
insert into T_WEB_P_OPERATION_LOGINFO (ID, MODULE_NAME, METHOD_DESCRIPTION, ORG_ID, USER_NAME, OPERATOR_TIME, SYSFLAG, MER_NO, IP)
values ('26231', 'UserExtManager', '保存当前用户登录IP', '000001', 'admin', '20181107182109', '0', '000001         ', '22.164.36.136');
insert into T_WEB_P_OPERATION_LOGINFO (ID, MODULE_NAME, METHOD_DESCRIPTION, ORG_ID, USER_NAME, OPERATOR_TIME, SYSFLAG, MER_NO, IP)
values ('26232', 'UserExtManager', '保存当前用户登录IP', '000001', 'admin', '20181107182604', '0', '000001         ', '22.164.36.136');
insert into T_WEB_P_OPERATION_LOGINFO (ID, MODULE_NAME, METHOD_DESCRIPTION, ORG_ID, USER_NAME, OPERATOR_TIME, SYSFLAG, MER_NO, IP)
values ('26233', 'UserExtManager', '保存当前用户登录IP', '000001', 'admin', '20181108095043', '0', '000001         ', '22.164.36.136');
insert into T_WEB_P_OPERATION_LOGINFO (ID, MODULE_NAME, METHOD_DESCRIPTION, ORG_ID, USER_NAME, OPERATOR_TIME, SYSFLAG, MER_NO, IP)
values ('26234', 'UserExtManager', '保存当前用户登录IP', '000001', 'admin', '20181108135655', '0', '000001         ', '22.164.36.136');
insert into T_WEB_P_OPERATION_LOGINFO (ID, MODULE_NAME, METHOD_DESCRIPTION, ORG_ID, USER_NAME, OPERATOR_TIME, SYSFLAG, MER_NO, IP)
values ('26235', 'UserExtManager', '保存当前用户登录IP', '000001', 'admin', '20181108161802', '0', '000001         ', '22.164.36.136');
insert into T_WEB_P_OPERATION_LOGINFO (ID, MODULE_NAME, METHOD_DESCRIPTION, ORG_ID, USER_NAME, OPERATOR_TIME, SYSFLAG, MER_NO, IP)
values ('26236', 'UserExtManager', '保存当前用户登录IP', '000001', 'admin', '20181108161931', '0', '000001         ', '22.164.36.136');
insert into T_WEB_P_OPERATION_LOGINFO (ID, MODULE_NAME, METHOD_DESCRIPTION, ORG_ID, USER_NAME, OPERATOR_TIME, SYSFLAG, MER_NO, IP)
values ('26237', 'UserExtManager', '保存当前用户登录IP', '000001', 'admin', '20181108165012', '0', '000001         ', '22.164.36.136');
insert into T_WEB_P_OPERATION_LOGINFO (ID, MODULE_NAME, METHOD_DESCRIPTION, ORG_ID, USER_NAME, OPERATOR_TIME, SYSFLAG, MER_NO, IP)
values ('26238', 'UserExtManager', '保存当前用户登录IP', '000001', 'admin', '20181108170502', '0', '000001         ', '22.164.36.136');
insert into T_WEB_P_OPERATION_LOGINFO (ID, MODULE_NAME, METHOD_DESCRIPTION, ORG_ID, USER_NAME, OPERATOR_TIME, SYSFLAG, MER_NO, IP)
values ('26239', 'UserExtManager', '保存当前用户登录IP', '000001', 'admin', '20181108175809', '0', '000001         ', '22.164.36.136');
insert into T_WEB_P_OPERATION_LOGINFO (ID, MODULE_NAME, METHOD_DESCRIPTION, ORG_ID, USER_NAME, OPERATOR_TIME, SYSFLAG, MER_NO, IP)
values ('26240', 'UserExtManager', '保存当前用户登录IP', '000001', 'admin', '20181108180540', '0', '000001         ', '22.164.36.136');
insert into T_WEB_P_OPERATION_LOGINFO (ID, MODULE_NAME, METHOD_DESCRIPTION, ORG_ID, USER_NAME, OPERATOR_TIME, SYSFLAG, MER_NO, IP)
values ('26241', 'UserExtManager', '保存当前用户登录IP', '000001', 'admin', '20181109122626', '0', '000001         ', '22.164.36.136');
insert into T_WEB_P_OPERATION_LOGINFO (ID, MODULE_NAME, METHOD_DESCRIPTION, ORG_ID, USER_NAME, OPERATOR_TIME, SYSFLAG, MER_NO, IP)
values ('26150', 'UserExtManager', '保存当前用户登录IP', '000001', 'admin', '20181018180053', '0', '000001         ', '22.164.36.136');
insert into T_WEB_P_OPERATION_LOGINFO (ID, MODULE_NAME, METHOD_DESCRIPTION, ORG_ID, USER_NAME, OPERATOR_TIME, SYSFLAG, MER_NO, IP)
values ('26151', 'UserExtManager', '保存当前用户登录IP', '000001', 'admin', '20181019095722', '0', '000001         ', '22.164.36.136');
insert into T_WEB_P_OPERATION_LOGINFO (ID, MODULE_NAME, METHOD_DESCRIPTION, ORG_ID, USER_NAME, OPERATOR_TIME, SYSFLAG, MER_NO, IP)
values ('26156', 'UserExtManager', '保存当前用户登录IP', '000001', 'admin', '20181019132045', '0', '000001         ', '22.164.36.136');
insert into T_WEB_P_OPERATION_LOGINFO (ID, MODULE_NAME, METHOD_DESCRIPTION, ORG_ID, USER_NAME, OPERATOR_TIME, SYSFLAG, MER_NO, IP)
values ('26157', 'UserExtManager', '保存当前用户登录IP', '000001', 'admin', '20181019142052', '0', '000001         ', '22.164.36.136');
insert into T_WEB_P_OPERATION_LOGINFO (ID, MODULE_NAME, METHOD_DESCRIPTION, ORG_ID, USER_NAME, OPERATOR_TIME, SYSFLAG, MER_NO, IP)
values ('26158', 'UserExtManager', '保存当前用户登录IP', '000001', 'admin', '20181019155247', '0', '000001         ', '22.164.36.136');
insert into T_WEB_P_OPERATION_LOGINFO (ID, MODULE_NAME, METHOD_DESCRIPTION, ORG_ID, USER_NAME, OPERATOR_TIME, SYSFLAG, MER_NO, IP)
values ('26159', 'UserExtManager', '保存当前用户登录IP', '000001', 'admin', '20181019155334', '0', '000001         ', '22.164.36.136');
insert into T_WEB_P_OPERATION_LOGINFO (ID, MODULE_NAME, METHOD_DESCRIPTION, ORG_ID, USER_NAME, OPERATOR_TIME, SYSFLAG, MER_NO, IP)
values ('26160', 'UserExtManager', '保存当前用户登录IP', '000001', 'admin', '20181025141936', '0', '000001         ', '22.164.36.136');
insert into T_WEB_P_OPERATION_LOGINFO (ID, MODULE_NAME, METHOD_DESCRIPTION, ORG_ID, USER_NAME, OPERATOR_TIME, SYSFLAG, MER_NO, IP)
values ('26161', 'UserExtManager', '保存当前用户登录IP', '000001', 'admin', '20181029101145', '0', '000001         ', '22.164.36.136');
insert into T_WEB_P_OPERATION_LOGINFO (ID, MODULE_NAME, METHOD_DESCRIPTION, ORG_ID, USER_NAME, OPERATOR_TIME, SYSFLAG, MER_NO, IP)
values ('26162', 'UserExtManager', '保存当前用户登录IP', '000001', 'admin', '20181029102959', '0', '000001         ', '22.164.36.136');
insert into T_WEB_P_OPERATION_LOGINFO (ID, MODULE_NAME, METHOD_DESCRIPTION, ORG_ID, USER_NAME, OPERATOR_TIME, SYSFLAG, MER_NO, IP)
values ('26163', 'UserExtManager', '保存当前用户登录IP', '000001', 'admin', '20181029110204', '0', '000001         ', '22.164.36.136');
insert into T_WEB_P_OPERATION_LOGINFO (ID, MODULE_NAME, METHOD_DESCRIPTION, ORG_ID, USER_NAME, OPERATOR_TIME, SYSFLAG, MER_NO, IP)
values ('26176', 'UserExtManager', '保存当前用户登录IP', '000001', 'admin', '20181030174100', '0', '000001         ', '22.164.36.136');
insert into T_WEB_P_OPERATION_LOGINFO (ID, MODULE_NAME, METHOD_DESCRIPTION, ORG_ID, USER_NAME, OPERATOR_TIME, SYSFLAG, MER_NO, IP)
values ('26177', 'UserExtManager', '保存当前用户登录IP', '000001', 'admin', '20181030174359', '0', '000001         ', '22.164.36.136');
insert into T_WEB_P_OPERATION_LOGINFO (ID, MODULE_NAME, METHOD_DESCRIPTION, ORG_ID, USER_NAME, OPERATOR_TIME, SYSFLAG, MER_NO, IP)
values ('26178', 'UserExtManager', '保存当前用户登录IP', '000001', 'admin', '20181030175852', '0', '000001         ', '22.164.36.136');
insert into T_WEB_P_OPERATION_LOGINFO (ID, MODULE_NAME, METHOD_DESCRIPTION, ORG_ID, USER_NAME, OPERATOR_TIME, SYSFLAG, MER_NO, IP)
values ('26179', 'UserExtManager', '保存当前用户登录IP', '000001', 'admin', '20181030180144', '0', '000001         ', '22.164.36.136');
insert into T_WEB_P_OPERATION_LOGINFO (ID, MODULE_NAME, METHOD_DESCRIPTION, ORG_ID, USER_NAME, OPERATOR_TIME, SYSFLAG, MER_NO, IP)
values ('26180', 'UserExtManager', '保存当前用户登录IP', '000001', 'admin', '20181030180810', '0', '000001         ', '22.164.36.136');
insert into T_WEB_P_OPERATION_LOGINFO (ID, MODULE_NAME, METHOD_DESCRIPTION, ORG_ID, USER_NAME, OPERATOR_TIME, SYSFLAG, MER_NO, IP)
values ('26181', 'UserExtManager', '保存当前用户登录IP', '000001', 'admin', '20181030181104', '0', '000001         ', '22.164.36.136');
insert into T_WEB_P_OPERATION_LOGINFO (ID, MODULE_NAME, METHOD_DESCRIPTION, ORG_ID, USER_NAME, OPERATOR_TIME, SYSFLAG, MER_NO, IP)
values ('26184', 'UserExtManager', '保存当前用户登录IP', '000001', 'admin', '20181031141410', '0', '000001         ', '22.164.36.136');
insert into T_WEB_P_OPERATION_LOGINFO (ID, MODULE_NAME, METHOD_DESCRIPTION, ORG_ID, USER_NAME, OPERATOR_TIME, SYSFLAG, MER_NO, IP)
values ('26185', 'UserExtManager', '保存当前用户登录IP', '000001', 'admin', '20181031143002', '0', '000001         ', '22.164.36.136');
insert into T_WEB_P_OPERATION_LOGINFO (ID, MODULE_NAME, METHOD_DESCRIPTION, ORG_ID, USER_NAME, OPERATOR_TIME, SYSFLAG, MER_NO, IP)
values ('26186', 'UserExtManager', '保存当前用户登录IP', '000001', 'admin', '20181031154656', '0', '000001         ', '22.164.36.136');
insert into T_WEB_P_OPERATION_LOGINFO (ID, MODULE_NAME, METHOD_DESCRIPTION, ORG_ID, USER_NAME, OPERATOR_TIME, SYSFLAG, MER_NO, IP)
values ('26187', 'UserExtManager', '保存当前用户登录IP', '000001', 'admin', '20181101111018', '0', '000001         ', '22.164.36.136');
insert into T_WEB_P_OPERATION_LOGINFO (ID, MODULE_NAME, METHOD_DESCRIPTION, ORG_ID, USER_NAME, OPERATOR_TIME, SYSFLAG, MER_NO, IP)
values ('26189', 'UserExtManager', '保存当前用户登录IP', '000001', 'admin', '20181101152452', '0', '000001         ', '22.164.36.136');
insert into T_WEB_P_OPERATION_LOGINFO (ID, MODULE_NAME, METHOD_DESCRIPTION, ORG_ID, USER_NAME, OPERATOR_TIME, SYSFLAG, MER_NO, IP)
values ('26190', 'UserExtManager', '保存当前用户登录IP', '000001', 'admin', '20181101154649', '0', '000001         ', '22.164.36.136');
insert into T_WEB_P_OPERATION_LOGINFO (ID, MODULE_NAME, METHOD_DESCRIPTION, ORG_ID, USER_NAME, OPERATOR_TIME, SYSFLAG, MER_NO, IP)
values ('26191', 'UserExtManager', '保存当前用户登录IP', '000001', 'admin', '20181101170514', '0', '000001         ', '22.164.36.136');
insert into T_WEB_P_OPERATION_LOGINFO (ID, MODULE_NAME, METHOD_DESCRIPTION, ORG_ID, USER_NAME, OPERATOR_TIME, SYSFLAG, MER_NO, IP)
values ('26204', 'UserExtManager', '保存当前用户登录IP', '000001', 'admin', '20181106154002', '0', '000001         ', '22.164.36.136');
insert into T_WEB_P_OPERATION_LOGINFO (ID, MODULE_NAME, METHOD_DESCRIPTION, ORG_ID, USER_NAME, OPERATOR_TIME, SYSFLAG, MER_NO, IP)
values ('26205', 'UserExtManager', '保存当前用户登录IP', '000001', 'admin', '20181107101823', '0', '000001         ', '22.164.36.136');
insert into T_WEB_P_OPERATION_LOGINFO (ID, MODULE_NAME, METHOD_DESCRIPTION, ORG_ID, USER_NAME, OPERATOR_TIME, SYSFLAG, MER_NO, IP)
values ('26210', 'UserExtManager', '保存当前用户登录IP', '000001', 'admin', '20181107150731', '0', '000001         ', '22.164.36.136');
commit;
prompt 129 records loaded
prompt Loading T_WEB_P_OPERATION_LOGINFO_EXT...
insert into T_WEB_P_OPERATION_LOGINFO_EXT (ID, OPERATION, O_VALUES, C_VALUES, TABLE_NAME, LOGINFO_ID, DEC)
values ('24060', 'insert', null, ',USER_GRP_ID=6000140,NAME=苏州分行,T_P_SHIRO_USER_GRP_EXT.ORG_ID=00004,T_P_SHIRO_USER_GRP_EXT.IHT_FLAG=1', 'T_P_SHIRO_USER_GRP,T_P_SHIRO_USER_GRP_EXT', '26168', '用户分组信息管理-新增用户分组信息及额外信息');
insert into T_WEB_P_OPERATION_LOGINFO_EXT (ID, OPERATION, O_VALUES, C_VALUES, TABLE_NAME, LOGINFO_ID, DEC)
values ('23940', 'insert', null, ',USER_GRP_ID=6000120,NAME=一级行分组,T_P_SHIRO_USER_GRP_EXT.ORG_ID=00004,T_P_SHIRO_USER_GRP_EXT.IHT_FLAG=1', 'T_P_SHIRO_USER_GRP,T_P_SHIRO_USER_GRP_EXT', '25656', '用户分组信息管理-新增用户分组信息及额外信息');
insert into T_WEB_P_OPERATION_LOGINFO_EXT (ID, OPERATION, O_VALUES, C_VALUES, TABLE_NAME, LOGINFO_ID, DEC)
values ('23941', 'insert', null, ',USER_GRP_ID=6000121,NAME=二级行分组,T_P_SHIRO_USER_GRP_EXT.ORG_ID=00004,T_P_SHIRO_USER_GRP_EXT.IHT_FLAG=1', 'T_P_SHIRO_USER_GRP,T_P_SHIRO_USER_GRP_EXT', '25657', '用户分组信息管理-新增用户分组信息及额外信息');
insert into T_WEB_P_OPERATION_LOGINFO_EXT (ID, OPERATION, O_VALUES, C_VALUES, TABLE_NAME, LOGINFO_ID, DEC)
values ('23942', 'insert', null, ',USER_GRP_ID=6000122,NAME=三级行分组,T_P_SHIRO_USER_GRP_EXT.ORG_ID=00004,T_P_SHIRO_USER_GRP_EXT.IHT_FLAG=1', 'T_P_SHIRO_USER_GRP,T_P_SHIRO_USER_GRP_EXT', '25658', '用户分组信息管理-新增用户分组信息及额外信息');
insert into T_WEB_P_OPERATION_LOGINFO_EXT (ID, OPERATION, O_VALUES, C_VALUES, TABLE_NAME, LOGINFO_ID, DEC)
values ('23943', 'insert', null, 'USER_ID=6000240,USER_GRP_ID=6000120,LOGIN_NAME=admin1,PWD=96E79218965EB72C92A549DD5A330112,T_P_SHIRO_USER_EXT.ORG_ID=00004,,T_P_SHIRO_USER_EXT.CREATE_DATE_TIME=20171207121703,T_P_SHIRO_USER_EXT.CREATE_USER_ID=1,T_P_SHIRO_USER_EXT.STATUS=1', 'T_P_SHIRO_USER,T_P_SHIRO_USER_EXT', '25659', '用户信息管理-新增用户信息及额外信息');
insert into T_WEB_P_OPERATION_LOGINFO_EXT (ID, OPERATION, O_VALUES, C_VALUES, TABLE_NAME, LOGINFO_ID, DEC)
values ('23944', 'insert', null, 'USER_ID=6000241,USER_GRP_ID=6000121,LOGIN_NAME=admin2,PWD=96E79218965EB72C92A549DD5A330112,T_P_SHIRO_USER_EXT.ORG_ID=02702,,T_P_SHIRO_USER_EXT.CREATE_DATE_TIME=20171207121738,T_P_SHIRO_USER_EXT.CREATE_USER_ID=1,T_P_SHIRO_USER_EXT.STATUS=1', 'T_P_SHIRO_USER,T_P_SHIRO_USER_EXT', '25660', '用户信息管理-新增用户信息及额外信息');
insert into T_WEB_P_OPERATION_LOGINFO_EXT (ID, OPERATION, O_VALUES, C_VALUES, TABLE_NAME, LOGINFO_ID, DEC)
values ('23945', 'delete', 'USER_GRP_ID=6000120', null, 'T_P_SHIRO_USER_GRP_ROLE_IDX', '25664', '用户分组信息管理-分配角色之删除已分配角色');
insert into T_WEB_P_OPERATION_LOGINFO_EXT (ID, OPERATION, O_VALUES, C_VALUES, TABLE_NAME, LOGINFO_ID, DEC)
values ('23946', 'insert', null, 'USER_GRP_ID=6000120,ROLE_ID=60080', 'T_P_SHIRO_USER_GRP_ROLE_IDX', '25664', '用户分组信息管理-分配角色之新增分配角色');
insert into T_WEB_P_OPERATION_LOGINFO_EXT (ID, OPERATION, O_VALUES, C_VALUES, TABLE_NAME, LOGINFO_ID, DEC)
values ('23947', 'delete', 'USER_GRP_ID=6000121', null, 'T_P_SHIRO_USER_GRP_ROLE_IDX', '25665', '用户分组信息管理-分配角色之删除已分配角色');
insert into T_WEB_P_OPERATION_LOGINFO_EXT (ID, OPERATION, O_VALUES, C_VALUES, TABLE_NAME, LOGINFO_ID, DEC)
values ('23948', 'insert', null, 'USER_GRP_ID=6000121,ROLE_ID=60081', 'T_P_SHIRO_USER_GRP_ROLE_IDX', '25665', '用户分组信息管理-分配角色之新增分配角色');
insert into T_WEB_P_OPERATION_LOGINFO_EXT (ID, OPERATION, O_VALUES, C_VALUES, TABLE_NAME, LOGINFO_ID, DEC)
values ('23900', 'delete', 'USER_GRP_ID=6000080', null, 'T_P_SHIRO_USER_GRP_ROLE_IDX', '25585', '用户分组信息管理-分配角色之删除已分配角色');
insert into T_WEB_P_OPERATION_LOGINFO_EXT (ID, OPERATION, O_VALUES, C_VALUES, TABLE_NAME, LOGINFO_ID, DEC)
values ('23901', 'insert', null, 'USER_GRP_ID=6000080,ROLE_ID=50021,ROLE_ID=50022', 'T_P_SHIRO_USER_GRP_ROLE_IDX', '25585', '用户分组信息管理-分配角色之新增分配角色');
insert into T_WEB_P_OPERATION_LOGINFO_EXT (ID, OPERATION, O_VALUES, C_VALUES, TABLE_NAME, LOGINFO_ID, DEC)
values ('23902', 'delete', 'USER_GRP_ID=6000080', null, 'T_P_SHIRO_USER_GRP_ROLE_IDX', '25594', '用户分组信息管理-分配角色之删除已分配角色');
insert into T_WEB_P_OPERATION_LOGINFO_EXT (ID, OPERATION, O_VALUES, C_VALUES, TABLE_NAME, LOGINFO_ID, DEC)
values ('23903', 'insert', null, 'USER_GRP_ID=6000080,ROLE_ID=50022', 'T_P_SHIRO_USER_GRP_ROLE_IDX', '25594', '用户分组信息管理-分配角色之新增分配角色');
insert into T_WEB_P_OPERATION_LOGINFO_EXT (ID, OPERATION, O_VALUES, C_VALUES, TABLE_NAME, LOGINFO_ID, DEC)
values ('23920', 'insert', null, ',USER_GRP_ID=6000100,NAME=测试编辑分组,T_P_SHIRO_USER_GRP_EXT.ORG_ID=02006,T_P_SHIRO_USER_GRP_EXT.IHT_FLAG=0', 'T_P_SHIRO_USER_GRP,T_P_SHIRO_USER_GRP_EXT', '25607', '用户分组信息管理-新增用户分组信息及额外信息');
insert into T_WEB_P_OPERATION_LOGINFO_EXT (ID, OPERATION, O_VALUES, C_VALUES, TABLE_NAME, LOGINFO_ID, DEC)
values ('23921', 'insert', null, 'USER_ID=6000220,USER_GRP_ID=6000100,LOGIN_NAME=test,PWD=96E79218965EB72C92A549DD5A330112,T_P_SHIRO_USER_EXT.ORG_ID=02006,T_P_SHIRO_USER_EXT.CREATE_DATE_TIME=20171205082217,T_P_SHIRO_USER_EXT.CREATE_USER_ID=1,T_P_SHIRO_USER_EXT.STATUS=1', 'T_P_SHIRO_USER,T_P_SHIRO_USER_EXT', '25608', '用户信息管理-新增用户信息及额外信息');
insert into T_WEB_P_OPERATION_LOGINFO_EXT (ID, OPERATION, O_VALUES, C_VALUES, TABLE_NAME, LOGINFO_ID, DEC)
values ('23922', 'delete', 'USER_GRP_ID=6000100', null, 'T_P_SHIRO_USER_GRP_ROLE_IDX', '25609', '用户分组信息管理-分配角色之删除已分配角色');
insert into T_WEB_P_OPERATION_LOGINFO_EXT (ID, OPERATION, O_VALUES, C_VALUES, TABLE_NAME, LOGINFO_ID, DEC)
values ('23923', 'insert', null, 'USER_GRP_ID=6000100,ROLE_ID=60060', 'T_P_SHIRO_USER_GRP_ROLE_IDX', '25609', '用户分组信息管理-分配角色之新增分配角色');
insert into T_WEB_P_OPERATION_LOGINFO_EXT (ID, OPERATION, O_VALUES, C_VALUES, TABLE_NAME, LOGINFO_ID, DEC)
values ('23980', 'update', null, 'USER_ID=6000260,STATUS=0', 'T_P_SHIRO_USER_EXT', '25706', '用户信息管理-用户信息关闭用户');
insert into T_WEB_P_OPERATION_LOGINFO_EXT (ID, OPERATION, O_VALUES, C_VALUES, TABLE_NAME, LOGINFO_ID, DEC)
values ('23981', 'update', null, 'USER_ID=6000260,STATUS=1', 'T_P_SHIRO_USER_EXT', '25708', '用户信息管理-用户信息关闭用户');
insert into T_WEB_P_OPERATION_LOGINFO_EXT (ID, OPERATION, O_VALUES, C_VALUES, TABLE_NAME, LOGINFO_ID, DEC)
values ('23982', 'update', null, 'USER_ID=6000260,STATUS=1', 'T_P_SHIRO_USER_EXT', '25709', '用户信息管理-用户信息关闭用户');
insert into T_WEB_P_OPERATION_LOGINFO_EXT (ID, OPERATION, O_VALUES, C_VALUES, TABLE_NAME, LOGINFO_ID, DEC)
values ('23983', 'update', null, 'USER_ID=6000260,STATUS=1', 'T_P_SHIRO_USER_EXT', '25710', '用户信息管理-用户信息关闭用户');
insert into T_WEB_P_OPERATION_LOGINFO_EXT (ID, OPERATION, O_VALUES, C_VALUES, TABLE_NAME, LOGINFO_ID, DEC)
values ('23984', 'update', null, 'USER_ID=6000260,STATUS=1', 'T_P_SHIRO_USER_EXT', '25712', '用户信息管理-用户信息关闭用户');
insert into T_WEB_P_OPERATION_LOGINFO_EXT (ID, OPERATION, O_VALUES, C_VALUES, TABLE_NAME, LOGINFO_ID, DEC)
values ('23882', 'insert', null, 'USER_GRP_ID=6000080,ROLE_ID=50022', 'T_P_SHIRO_USER_GRP_ROLE_IDX', '25561', '用户分组信息管理-分配角色之新增分配角色');
insert into T_WEB_P_OPERATION_LOGINFO_EXT (ID, OPERATION, O_VALUES, C_VALUES, TABLE_NAME, LOGINFO_ID, DEC)
values ('23883', 'insert', null, 'USER_ID=6000200,USER_GRP_ID=60334,LOGIN_NAME=byadmin,PWD=96E79218965EB72C92A549DD5A330112,T_P_SHIRO_USER_EXT.ORG_ID=02008,T_P_SHIRO_USER_EXT.CREATE_DATE_TIME=20171205051128,T_P_SHIRO_USER_EXT.CREATE_USER_ID=1,T_P_SHIRO_USER_EXT.STATUS=1', 'T_P_SHIRO_USER,T_P_SHIRO_USER_EXT', '25562', '用户信息管理-新增用户信息及额外信息');
insert into T_WEB_P_OPERATION_LOGINFO_EXT (ID, OPERATION, O_VALUES, C_VALUES, TABLE_NAME, LOGINFO_ID, DEC)
values ('23880', 'insert', null, ',USER_GRP_ID=6000080,NAME=网点经办分组,T_P_SHIRO_USER_GRP_EXT.ORG_ID=02006,T_P_SHIRO_USER_GRP_EXT.IHT_FLAG=0', 'T_P_SHIRO_USER_GRP,T_P_SHIRO_USER_GRP_EXT', '25560', '用户分组信息管理-新增用户分组信息及额外信息');
insert into T_WEB_P_OPERATION_LOGINFO_EXT (ID, OPERATION, O_VALUES, C_VALUES, TABLE_NAME, LOGINFO_ID, DEC)
values ('23881', 'delete', 'USER_GRP_ID=6000080', null, 'T_P_SHIRO_USER_GRP_ROLE_IDX', '25561', '用户分组信息管理-分配角色之删除已分配角色');
insert into T_WEB_P_OPERATION_LOGINFO_EXT (ID, OPERATION, O_VALUES, C_VALUES, TABLE_NAME, LOGINFO_ID, DEC)
values ('23960', 'insert', null, 'USER_ID=6000260,USER_GRP_ID=2,LOGIN_NAME=1111111,PWD=96E79218965EB72C92A549DD5A330112,T_P_SHIRO_USER_EXT.ORG_ID=00004,T_P_SHIRO_USER_EXT.CREATE_DATE_TIME=20171207051134,T_P_SHIRO_USER_EXT.CREATE_USER_ID=1,T_P_SHIRO_USER_EXT.STATUS=1', 'T_P_SHIRO_USER,T_P_SHIRO_USER_EXT', '25675', '用户信息管理-新增用户信息及额外信息');
insert into T_WEB_P_OPERATION_LOGINFO_EXT (ID, OPERATION, O_VALUES, C_VALUES, TABLE_NAME, LOGINFO_ID, DEC)
values ('24000', 'update', 'LOGIN_NAME=1111111,PWD=96E79218965EB72C92A549DD5A330112', 'LOGIN_NAME=1111111,PWD=96E79218965EB72C92A549DD5A330112', 'T_P_SHIRO_USER', '25741', '用户信息管理-用户信息重置密码,默认密码:111111');
insert into T_WEB_P_OPERATION_LOGINFO_EXT (ID, OPERATION, O_VALUES, C_VALUES, TABLE_NAME, LOGINFO_ID, DEC)
values ('24001', 'update', null, 'USER_ID=6000260,STATUS=0', 'T_P_SHIRO_USER_EXT', '25743', '用户信息管理-用户信息开启用户');
insert into T_WEB_P_OPERATION_LOGINFO_EXT (ID, OPERATION, O_VALUES, C_VALUES, TABLE_NAME, LOGINFO_ID, DEC)
values ('24020', 'insert', null, 'ORG_ID=111111,P_ORG_ID=00004,ORG_LEV=2,CUP_ID=null,ZONE_CODE=,BANK_NO=,NAME=小白机构,CONTACT=,TEL=,STATUS=1,ONLINE_FLAG=1,EACQ_ORG_ID=', 'T_B_ORG', '25940', '机构信息管理-机构信息新增');
insert into T_WEB_P_OPERATION_LOGINFO_EXT (ID, OPERATION, O_VALUES, C_VALUES, TABLE_NAME, LOGINFO_ID, DEC)
values ('24021', 'insert', null, 'USER_ID=6000340,USER_GRP_ID=6000121,LOGIN_NAME=zjk,PWD=52C69E3A57331081823331C4E69D3F2E,T_P_SHIRO_USER_EXT.ORG_ID=02756,T_P_SHIRO_USER_EXT.CREATE_DATE_TIME=20180523111725,T_P_SHIRO_USER_EXT.CREATE_USER_ID=1,T_P_SHIRO_USER_EXT.STATUS=1', 'T_P_SHIRO_USER,T_P_SHIRO_USER_EXT', '25944', '用户信息管理-新增用户信息及额外信息');
insert into T_WEB_P_OPERATION_LOGINFO_EXT (ID, OPERATION, O_VALUES, C_VALUES, TABLE_NAME, LOGINFO_ID, DEC)
values ('24022', 'update', null, 'USER_ID=6000340,STATUS=0', 'T_P_SHIRO_USER_EXT', '25945', '用户信息管理-用户信息开启用户');
insert into T_WEB_P_OPERATION_LOGINFO_EXT (ID, OPERATION, O_VALUES, C_VALUES, TABLE_NAME, LOGINFO_ID, DEC)
values ('24040', 'update', 'LOGIN_NAME=zjk,PWD=96E79218965EB72C92A549DD5A330112', 'LOGIN_NAME=zjk,PWD=96E79218965EB72C92A549DD5A330112', 'T_P_SHIRO_USER', '26092', '用户信息管理-用户信息重置密码,默认密码:111111');
commit;
prompt 34 records loaded
prompt Enabling foreign key constraints for CUSTOMER_ACTIVITY...
alter table CUSTOMER_ACTIVITY enable constraint FK_ACTIVITY_CUSTOMER;
alter table CUSTOMER_ACTIVITY enable constraint FK_CUSTOMER_ACTIVITY;
prompt Enabling foreign key constraints for T_P_SHIRO_RES...
alter table T_P_SHIRO_RES enable constraint FK_T_P_SHIRO_RES_REF_T_RES;
prompt Enabling foreign key constraints for T_P_SHIRO_RESTYPE_ACTION...
alter table T_P_SHIRO_RESTYPE_ACTION enable constraint FK_P_SHIRO_T_REST_REF_ACT;
alter table T_P_SHIRO_RESTYPE_ACTION enable constraint FK_P_SHIRO_T_REST_REF_T_RES;
prompt Enabling foreign key constraints for T_P_SHIRO_ROLE_PERMIT...
alter table T_P_SHIRO_ROLE_PERMIT enable constraint FK_P_SHIRO_ROLE_REF_ROLE;
alter table T_P_SHIRO_ROLE_PERMIT enable constraint FK_P_SHIRO_ROLE_REF_T_PERM;
prompt Enabling foreign key constraints for T_P_SHIRO_ROLE_RES...
alter table T_P_SHIRO_ROLE_RES enable constraint FK_P_SHIRO_ROLE_REF_ROLE_RES;
alter table T_P_SHIRO_ROLE_RES enable constraint FK_P_SHIRO_ROLE_REF_T_RES;
prompt Enabling foreign key constraints for T_P_SHIRO_USER_EXT...
alter table T_P_SHIRO_USER_EXT enable constraint FK_P_SHIRO_U_REF_USER;
prompt Enabling triggers for ACTIVITY_PRODUCT_ENJOY...
alter table ACTIVITY_PRODUCT_ENJOY enable all triggers;
prompt Enabling triggers for CUSTOMER_INFO...
alter table CUSTOMER_INFO enable all triggers;
prompt Enabling triggers for CUSTOMER_ACTIVITY...
alter table CUSTOMER_ACTIVITY enable all triggers;
prompt Enabling triggers for CUSTOMER_PRODUCT...
alter table CUSTOMER_PRODUCT enable all triggers;
prompt Enabling triggers for MERCHANT_BASE...
alter table MERCHANT_BASE enable all triggers;
prompt Enabling triggers for MERCHANT_ENJOY...
alter table MERCHANT_ENJOY enable all triggers;
prompt Enabling triggers for TRAN_LIST...
alter table TRAN_LIST enable all triggers;
prompt Enabling triggers for T_B_ORG...
alter table T_B_ORG enable all triggers;
prompt Enabling triggers for T_P_SHIRO_ACTION...
alter table T_P_SHIRO_ACTION enable all triggers;
prompt Enabling triggers for T_P_SHIRO_FILTER_TYPE...
alter table T_P_SHIRO_FILTER_TYPE enable all triggers;
prompt Enabling triggers for T_P_SHIRO_PERMIT...
alter table T_P_SHIRO_PERMIT enable all triggers;
prompt Enabling triggers for T_P_SHIRO_RES_TYPE...
alter table T_P_SHIRO_RES_TYPE enable all triggers;
prompt Enabling triggers for T_P_SHIRO_RES...
alter table T_P_SHIRO_RES enable all triggers;
prompt Enabling triggers for T_P_SHIRO_RESTYPE_ACTION...
alter table T_P_SHIRO_RESTYPE_ACTION enable all triggers;
prompt Enabling triggers for T_P_SHIRO_ROLE...
alter table T_P_SHIRO_ROLE enable all triggers;
prompt Enabling triggers for T_P_SHIRO_ROLE_PERMIT...
alter table T_P_SHIRO_ROLE_PERMIT enable all triggers;
prompt Enabling triggers for T_P_SHIRO_ROLE_RES...
alter table T_P_SHIRO_ROLE_RES enable all triggers;
prompt Enabling triggers for T_P_SHIRO_USER_GRP...
alter table T_P_SHIRO_USER_GRP enable all triggers;
prompt Enabling triggers for T_P_SHIRO_USER...
alter table T_P_SHIRO_USER enable all triggers;
prompt Enabling triggers for T_P_SHIRO_USER_EXT...
alter table T_P_SHIRO_USER_EXT enable all triggers;
prompt Enabling triggers for T_P_SHIRO_USER_GRP_EXT...
alter table T_P_SHIRO_USER_GRP_EXT enable all triggers;
prompt Enabling triggers for T_P_SHIRO_USER_GRP_ROLE_IDX...
alter table T_P_SHIRO_USER_GRP_ROLE_IDX enable all triggers;
prompt Enabling triggers for T_P_S_DICT_ITEM...
alter table T_P_S_DICT_ITEM enable all triggers;
prompt Enabling triggers for T_P_S_DICT_LIST...
alter table T_P_S_DICT_LIST enable all triggers;
prompt Enabling triggers for T_WEB_P_OPERATION_LOGINFO...
alter table T_WEB_P_OPERATION_LOGINFO enable all triggers;
prompt Enabling triggers for T_WEB_P_OPERATION_LOGINFO_EXT...
alter table T_WEB_P_OPERATION_LOGINFO_EXT enable all triggers;
set feedback on
set define on
prompt Done.
